Package,Questions,Score,Answers,Views,Reputation,MedianScore,MedianAnswers,MedianViews,MedianReputations
abind,3,6,4,1087,1507,1,1,350,351
AcceptanceSampling,0,0,0,0,0,0,0,0,0
ACCLMA,0,0,0,0,0,0,0,0,0
accuracy,30,12,32,6261,6398,0.0,1.0,108.5,23.5
acepack,0,0,0,0,0,0,0,0,0
aCGH.Spline,0,0,0,0,0,0,0,0,0
actuar,0,0,0,0,0,0,0,0,0
ada,5,45,12,4442,1180,1,1,76,196
adabag,2,1,1,139,197,0.5,0.5,69.5,98.5
ADaCGH,0,0,0,0,0,0,0,0,0
AdaptFit,0,0,0,0,0,0,0,0,0
adaptTest,0,0,0,0,0,0,0,0,0
ade4,4,10,9,4071,4525,1.5,1.0,534.5,563.5
ade4TkGUI,0,0,0,0,0,0,0,0,0
adegenet,1,0,0,19,19,0,0,19,19
adehabitat,3,2,4,1005,2128,0,1,421,305
adephylo,0,0,0,0,0,0,0,0,0
ADGofTest,0,0,0,0,0,0,0,0,0
adimpro,0,0,0,0,0,0,0,0,0
adk,2,-1,5,349,122,-0.5,2.5,174.5,61.0
adlift,0,0,0,0,0,0,0,0,0
AdMit,30,64,43,9510,33659,1.0,1.0,177.0,106
ads,5,11,7,977,9633,2,1,232,156
AER,1,0,0,85,1,0,0,85,1
afc,1,0,0,310,49,0,0,310,49
agilp,0,0,0,0,0,0,0,0,0
agricolae,2,4,1,1010,130,2.0,0.5,505.0,130
AGSDest,0,0,0,0,0,0,0,0,0
AICcmodavg,1,9,1,341,56,9,1,341,56
AIGIS,0,0,0,0,0,0,0,0,0
AIM,30,18,39,3627,6550,0.0,1.0,62.0,47.0
akima,8,-1,9,1004,6484,0.0,1.0,109.5,511.5
alabama,11,140,15,53892,36217,3,1,255,230
AlgDesign,1,1,0,17,40,1,0,17,40
allan,2,1,2,754,1558,0.5,1.0,377.0,779.0
allelic,0,0,0,0,0,0,0,0,0
alphahull,0,0,0,0,0,0,0,0,0
alr3,2,-1,4,261,2161,-0.5,2.0,130.5,1080.5
ALS,6,12,6,6175,10752,1.5,1.0,159.5,897.0
amap,0,0,0,0,0,0,0,0,0
amba,0,0,0,0,0,0,0,0,0
amei,0,0,0,0,0,0,0,0,0
Amelia,12,14,13,5682,1012,1.0,1.0,185.0,65
amer,0,0,0,0,0,0,0,0,0
AMORE,0,0,0,0,0,0,0,0,0
anacor,0,0,0,0,0,0,0,0,0
analogue,6,16,8,2394,1729,2.0,1.5,199.0,82.5
AnalyzeFMRI,0,0,0,0,0,0,0,0,0
anapuce,0,0,0,0,0,0,0,0,0
anchors,0,0,0,0,0,0,0,0,0
andrews,0,0,0,0,0,0,0,0,0
anesrake,0,0,0,0,0,0,0,0,0
Animal,30,45,60,6063,4325,1.0,2.0,126.0,50.0
animation,16,49,21,4717,57636,2.0,1.0,149.5,445.0
anm,0,0,0,0,0,0,0,0,0
ant,4,7,7,2385,4319,2.0,1.5,613.5,885.0
aod,0,0,0,0,0,0,0,0,0
apcluster,0,0,0,0,0,0,0,0,0
ape,11,17,13,6206,2417,1,1,230,30
aplpack,2,3,1,342,359,1.5,0.5,171.0,179.5
approximator,0,0,0,0,0,0,0,0,0
apsrtable,5,8,12,3658,727,1,2,237,105
apTreeshape,1,2,3,3481,11,2,3,3481,11
aqp,0,0,0,0,0,0,0,0,0
AquaEnv,0,0,0,0,0,0,0,0,0
archetypes,0,0,0,0,0,0,0,0,0
ArDec,0,0,0,0,0,0,0,0,0
ares,1,0,2,187,436,0,2,187,436
argosfilter,0,0,0,0,0,0,0,0,0
arm,13,16,15,4600,3270,1,1,457,56
aroma.affymetrix,0,0,0,0,0,0,0,0,0
aroma.apd,0,0,0,0,0,0,0,0,0
aroma.cn,0,0,0,0,0,0,0,0,0
aroma.core,0,0,0,0,0,0,0,0,0
aroma.light,0,0,0,0,0,0,0,0,0
arrayImpute,0,0,0,0,0,0,0,0,0
arrayMissPattern,0,0,0,0,0,0,0,0,0
ars,3,5,6,1287,1242,2,2,354,619
arules,13,6,9,2676,13187,0,1,77,35.5
arulesNBMiner,0,0,0,0,0,0,0,0,0
arulesSequences,2,0,2,406,2366,0.0,1.0,203.0,1183.0
asbio,0,0,0,0,0,0,0,0,0
ascii,30,65,38,8722,85539,2.0,1.0,159.5,126.0
asd,5,4,7,1366,979,1,2,158,301.0
ash,3,7,4,348,680,1,1,138,34
aspace,0,0,0,0,0,0,0,0,0
aspect,30,122,52,13099,47715,2.0,1.5,121.5,229.0
assist,15,51,28,9434,63197,2,2,188,331
aster,1,2,2,79,187,2,2,79,187
asypow,0,0,0,0,0,0,0,0,0
atmi,1,0,2,50,12,0,2,50,12
audio,8,13,8,1089,9838,1.0,1.0,109.0,259.5
automap,4,13,3,1921,2420,1.5,1.0,246.5,383.0
aws,19,55,26,5896,54866,2,1,242,882
aylmer,0,0,0,0,0,0,0,0,0
B2Z,0,0,0,0,0,0,0,0,0
BACCO,0,0,0,0,0,0,0,0,0
backfitRichards,0,0,0,0,0,0,0,0,0
backtest,6,3,5,1603,3043,0.0,0.5,178.5,87.0
BaM,4,6,10,2038,4035,1.0,2.0,303.5,122.0
BAMD,0,0,0,0,0,0,0,0,0
BARD,0,0,0,0,0,0,0,0,0
bark,0,0,0,0,0,0,0,0,0
BAS,2,0,2,193,108,0.0,1.0,96.5,54.0
base,30,306,39,26849,64934,1.5,1.0,60.5,495.0
base64,4,10,6,1400,27065,1.5,1.5,248.0,5372.5
batch,30,116,50,20639,55949,1.0,1.0,83.0,88.0
bayesclust,0,0,0,0,0,0,0,0,0
bayescount,0,0,0,0,0,0,0,0,0
BayesDA,0,0,0,0,0,0,0,0,0
bayesGARCH,0,0,0,0,0,0,0,0,0
bayesm,2,1,3,842,532,0.5,1.5,421.0,266.0
bayesmix,0,0,0,0,0,0,0,0,0
BayesQTLBIC,0,0,0,0,0,0,0,0,0
bayesSurv,0,0,0,0,0,0,0,0,0
BayesTree,1,2,1,68,74,2,1,68,74
BayesValidate,0,0,0,0,0,0,0,0,0
BayesX,0,0,0,0,0,0,0,0,0
BayHaz,0,0,0,0,0,0,0,0,0
BAYSTAR,0,0,0,0,0,0,0,0,0
BB,30,68,55,4602,102667,2.0,2.0,109.0,156.0
bbmle,2,3,1,217,17,1.5,0.5,108.5,8.5
BBMM,1,2,3,930,305,2,3,930,305
BCE,1,6,3,54,31,6,3,54,31
Bchron,0,0,0,0,0,0,0,0,0
bclust,0,0,0,0,0,0,0,0,0
bcp,0,0,0,0,0,0,0,0,0
bcv,0,0,0,0,0,0,0,0,0
bdoc,0,0,0,0,0,0,0,0,0
bdsmatrix,0,0,0,0,0,0,0,0,0
beanplot,3,9,4,438,960,2,1,157,185
bear,30,90,45,11875,5471,1.0,1.0,126.0,27.0
benchden,0,0,0,0,0,0,0,0,0
benchmark,30,156,62,19843,131039,2.5,2.0,205.0,1673.5
bentcableAR,0,0,0,0,0,0,0,0,0
ber,1,1,1,95,436,1,1,95,436
Bergm,0,0,0,0,0,0,0,0,0
bestglm,2,1,2,360,819,0.5,1.0,180.0,409.5
betaper,0,0,0,0,0,0,0,0,0
betareg,1,1,1,222,115,1,1,222,115
bethel,1,2,1,114,11,2,1,114,11
bfast,1,1,2,41,67,1,2,41,67
BGSIMD,0,0,0,0,0,0,0,0,0
Bhat,2,2,2,421,2854,1.0,1.0,210.5,1427.0
BHH2,1,1,1,392,13,1,1,392,13
BiasedUrn,0,0,0,0,0,0,0,0,0
bibtex,9,65,15,3575,28897,3,2,498,512
biclust,0,0,0,0,0,0,0,0,0
bifactorial,0,0,0,0,0,0,0,0,0
biganalytics,3,6,6,619,1411,3,2,180,325
biglars,0,0,0,0,0,0,0,0,0
biglm,8,14,9,2675,6896,1.5,1.0,233.5,129.0
bigmemory,30,147,51,14129,18135,2.0,1.0,170.5,125.0
bigtabulate,3,13,6,833,18316,3,1,243,9086
bild,0,0,0,0,0,0,0,0,0
binarySimCLF,0,0,0,0,0,0,0,0,0
bindata,2,17,5,1206,5849,8.5,2.5,603.0,2924.5
binGroup,0,0,0,0,0,0,0,0,0
binhf,0,0,0,0,0,0,0,0,0
binMto,0,0,0,0,0,0,0,0,0
binom,1,1,0,285,43,1,0,285,43
binomSamSize,0,0,0,0,0,0,0,0,0
bio.infer,1,2,1,49,18,2,1,49,18
Biodem,0,0,0,0,0,0,0,0,0
BiodiversityR,0,0,0,0,0,0,0,0,0
BioIDMapper,0,0,0,0,0,0,0,0,0
biopara,0,0,0,0,0,0,0,0,0
BioPhysConnectoR,0,0,0,0,0,0,0,0,0
biOps,0,0,0,0,0,0,0,0,0
biOpsGUI,0,0,0,0,0,0,0,0,0
BioStatR,0,0,0,0,0,0,0,0,0
bipartite,9,11,14,2882,6381,1,2,262,113
BiplotGUI,0,0,0,0,0,0,0,0,0
bise,0,0,0,0,0,0,0,0,0
bisoreg,0,0,0,0,0,0,0,0,0
bit,30,42,32,5537,42472,1.0,1.0,44.0,96.5
bitops,6,6,5,1143,9315,0.5,1.0,165.5,1801.5
biwt,0,0,0,0,0,0,0,0,0
BLCOP,0,0,0,0,0,0,0,0,0
blighty,0,0,0,0,0,0,0,0,0
blockmodeling,0,0,0,0,0,0,0,0,0
blockrand,0,0,0,0,0,0,0,0,0
blockTools,0,0,0,0,0,0,0,0,0
BLR,1,2,3,386,16,2,3,386,16
BMA,2,4,3,886,763,2.0,1.5,443.0,381.5
bmd,0,0,0,0,0,0,0,0,0
Bmix,0,0,0,0,0,0,0,0,0
BMN,0,0,0,0,0,0,0,0,0
BMS,0,0,0,0,0,0,0,0,0
bnlearn,0,0,0,0,0,0,0,0,0
boa,2,6,5,446,575,3.0,2.5,223.0,287.5
Bolstad,0,0,0,0,0,0,0,0,0
Bolstad2,0,0,0,0,0,0,0,0,0
boolean,30,66,53,22156,57141,2.0,2.0,102.0,494.5
boolfun,0,0,0,0,0,0,0,0,0
BoolNet,0,0,0,0,0,0,0,0,0
boot,30,65,33,14386,59500,1.0,1.0,162.5,141
BootPR,0,0,0,0,0,0,0,0,0
bootRes,1,1,0,19,0,1,0,19,0
bootruin,0,0,0,0,0,0,0,0,0
bootspecdens,0,0,0,0,0,0,0,0,0
bootStepAIC,0,0,0,0,0,0,0,0,0
bootstrap,30,41,32,3773,10500,1.0,1.0,111.0,86
Boruta,0,0,0,0,0,0,0,0,0
BoSSA,0,0,0,0,0,0,0,0,0
bpca,0,0,0,0,0,0,0,0,0
BPHO,0,0,0,0,0,0,0,0,0
bqtl,0,0,0,0,0,0,0,0,0
BradleyTerry,0,0,0,0,0,0,0,0,0
BradleyTerry2,3,0,4,292,209,0,1,99,3
brainwaver,0,0,0,0,0,0,0,0,0
brew,30,87,44,13477,71641,1.0,1.0,244.5,603.5
brglm,0,0,0,0,0,0,0,0,0
Brobdingnag,1,4,1,143,350,4,1,143,350
bs,21,32,27,3589,9588,1,1,139,47
BSagri,0,0,0,0,0,0,0,0,0
BSDA,1,0,1,423,209,0,1,423,209
BsMD,0,0,0,0,0,0,0,0,0
bspec,0,0,0,0,0,0,0,0,0
BTSPAS,0,0,0,0,0,0,0,0,0
bvls,0,0,0,0,0,0,0,0,0
bvpSolve,0,0,0,0,0,0,0,0,0
ca,30,48,50,10388,23657,1.0,1.0,73.5,102.0
cacher,1,25,1,1434,9086,25,1,1434,9086
cacheSweave,6,26,7,1823,28575,5.0,1.0,259.0,791.5
CADFtest,0,0,0,0,0,0,0,0,0
CADStat,0,0,0,0,0,0,0,0,0
caGUI,0,0,0,0,0,0,0,0,0
Cairo,30,45,33,10460,26324,0.5,1.0,235.5,230.5
cairoDevice,5,7,4,1115,4917,1,1,155,171
CalciOMatic,0,0,0,0,0,0,0,0,0
calib,7,11,9,1419,3256,1,1,155,301
calibrate,4,3,4,2640,2143,0.0,1.0,602.0,386.5
calibrator,0,0,0,0,0,0,0,0,0
caMassClass,0,0,0,0,0,0,0,0,0
candisc,0,0,0,0,0,0,0,0,0
canvas,8,17,12,11330,2783,2.0,1.0,436.5,253.0
car,30,42,50,3458,36792,1.0,1.0,60.0,356.5
CarbonEL,0,0,0,0,0,0,0,0,0
care,30,59,37,2974,90040,2.0,1.0,65.5,352.0
caret,30,29,23,6498,24669,1.0,1.0,119.0,64.0
caroline,0,0,0,0,0,0,0,0,0
cat,30,56,47,5006,15231,1.5,1.0,86.0,148.5
catmap,0,0,0,0,0,0,0,0,0
catnet,1,3,2,85,413,3,2,85,413
caTools,4,5,2,1209,6555,1.5,0.5,322.0,1817.5
catR,1,1,1,119,210,1,1,119,210
catspec,0,0,0,0,0,0,0,0,0
CausalGAM,0,0,0,0,0,0,0,0,0
CAVIAR,0,0,0,0,0,0,0,0,0
cba,0,0,0,0,0,0,0,0,0
CCA,3,4,1,1803,230,0,0,101,29
ccems,0,0,0,0,0,0,0,0,0
ccgarch,0,0,0,0,0,0,0,0,0
cclust,1,6,3,318,2414,6,3,318,2414
CCMtools,0,0,0,0,0,0,0,0,0
CCP,0,0,0,0,0,0,0,0,0
CDFt,0,0,0,0,0,0,0,0,0
CDNmoney,0,0,0,0,0,0,0,0,0
CellularAutomaton,0,0,0,0,0,0,0,0,0
cellVolumeDist,0,0,0,0,0,0,0,0,0
cem,0,0,0,0,0,0,0,0,0
censReg,0,0,0,0,0,0,0,0,0
cfa,3,9,3,813,32611,3,1,305,16300
cggd,0,0,0,0,0,0,0,0,0
cgh,1,2,4,452,518,2,4,452,518
cghFLasso,0,0,0,0,0,0,0,0,0
CGIwithR,0,0,0,0,0,0,0,0,0
ChainLadder,0,0,0,0,0,0,0,0,0
changeLOS,0,0,0,0,0,0,0,0,0
charlson,0,0,0,0,0,0,0,0,0
cheb,0,0,0,0,0,0,0,0,0
chemCal,0,0,0,0,0,0,0,0,0
chemometrics,1,3,3,137,1625,3,3,137,1625
CHNOSZ,0,0,0,0,0,0,0,0,0
choplump,0,0,0,0,0,0,0,0,0
chplot,0,0,0,0,0,0,0,0,0
chron,30,74,48,17289,59343,2.0,1.0,301.5,518.0
CHsharp,0,0,0,0,0,0,0,0,0
cimis,0,0,0,0,0,0,0,0,0
CircNNTSR,0,0,0,0,0,0,0,0,0
CircSpatial,0,0,0,0,0,0,0,0,0
CircStats,1,1,2,137,12866,1,2,137,12866
circular,15,88,26,5790,205891,5,1,362,201
class,30,26,38,2196,18817,0.5,1.0,38.0,110.5
classGraph,0,0,0,0,0,0,0,0,0
classifly,0,0,0,0,0,0,0,0,0
classInt,5,11,3,1033,21554,2,1,93,388
clim.pact,0,0,0,0,0,0,0,0,0
climatol,0,0,0,0,0,0,0,0,0
clinfun,0,0,0,0,0,0,0,0,0
ClinicalRobustPriors,0,0,0,0,0,0,0,0,0
clinsig,0,0,0,0,0,0,0,0,0
clue,30,18,41,2377,3665,0.0,1.0,62.5,31
clues,20,41,32,4413,7699,2.0,1.0,106.0,86.0
cluster,30,52,31,3803,20822,1.0,1.0,48.0,67.5
clusterCons,1,2,3,201,340,2,3,201,340
clusterfly,0,0,0,0,0,0,0,0,0
clusterGeneration,0,0,0,0,0,0,0,0,0
clusterRepro,0,0,0,0,0,0,0,0,0
clusterSim,0,0,0,0,0,0,0,0,0
clustTool,0,0,0,0,0,0,0,0,0
clustvarsel,0,0,0,0,0,0,0,0,0
clv,2,1,4,287,142,0.5,2.0,143.5,71.0
clValid,0,0,0,0,0,0,0,0,0
cmaes,0,0,0,0,0,0,0,0,0
CMC,0,0,0,0,0,0,0,0,0
cmm,0,0,0,0,0,0,0,0,0
cmprsk,0,0,0,0,0,0,0,0,0
cmprskContin,0,0,0,0,0,0,0,0,0
cmrutils,0,0,0,0,0,0,0,0,0
CNVassoc,0,0,0,0,0,0,0,0,0
coarseDataTools,0,0,0,0,0,0,0,0,0
cobs,0,0,0,0,0,0,0,0,0
cobs99,0,0,0,0,0,0,0,0,0
CoCo,0,0,0,0,0,0,0,0,0
CoCoCg,0,0,0,0,0,0,0,0,0
CoCoGraph,0,0,0,0,0,0,0,0,0
cocorresp,0,0,0,0,0,0,0,0,0
coda,6,11,4,1180,11890,0.5,1.0,48.0,90.0
codep,0,0,0,0,0,0,0,0,0
codetools,7,25,11,2295,30529,3,1,318,2768
coenoflex,0,0,0,0,0,0,0,0,0
coin,15,30,27,8445,12761,2,1,450,247
colbycol,2,1,2,214,790,0.5,1.0,107.0,395.0
CollocInfer,1,0,1,26,103,0,1,26,103
colorRamps,0,0,0,0,0,0,0,0,0
colorspace,4,10,4,608,5703,2.5,1.0,149.0,1188.0
combinat,5,14,11,1838,576,1,2,136,23
CombMSC,0,0,0,0,0,0,0,0,0
compare,30,21,34,1483,13417,0.0,1.0,41.0,35.0
compareGroups,0,0,0,0,0,0,0,0,0
CompetingRiskFrailty,0,0,0,0,0,0,0,0,0
compHclust,0,0,0,0,0,0,0,0,0
compoisson,0,0,0,0,0,0,0,0,0
COMPoissonReg,0,0,0,0,0,0,0,0,0
compositions,2,1,2,1596,1058,0.5,1.0,798.0,529.0
compOverlapCorr,0,0,0,0,0,0,0,0,0
CompQuadForm,0,0,0,0,0,0,0,0,0
CompRandFld,0,0,0,0,0,0,0,0,0
compute.es,0,0,0,0,0,0,0,0,0
concor,0,0,0,0,0,0,0,0,0
concord,0,0,0,0,0,0,0,0,0
cond,22,51,49,14263,18581,1.5,2.0,150.0,100
condGEE,0,0,0,0,0,0,0,0,0
conf.design,0,0,0,0,0,0,0,0,0
constrainedKriging,0,0,0,0,0,0,0,0,0
contfrac,0,0,0,0,0,0,0,0,0
contrast,23,48,27,10468,25239,2,1,198,210
ConvCalendar,0,0,0,0,0,0,0,0,0
ConvergenceConcepts,0,0,0,0,0,0,0,0,0
convexHaz,0,0,0,0,0,0,0,0,0
COP,0,0,0,0,0,0,0,0,0
copas,0,0,0,0,0,0,0,0,0
copula,3,10,4,4555,16314,1,1,128,8157.0
corcounts,0,0,0,0,0,0,0,0,0
CORElearn,0,0,0,0,0,0,0,0,0
corpcor,0,0,0,0,0,0,0,0,0
corpora,3,7,3,869,139,2,1,171,58
CorrBin,0,0,0,0,0,0,0,0,0
CORREP,0,0,0,0,0,0,0,0,0
corrgram,1,0,0,11,6,0,0,11,6
corrperm,0,0,0,0,0,0,0,0,0
corrplot,5,7,6,1879,796,1,1,109,121
corrsieve,0,0,0,0,0,0,0,0,0
countrycode,4,12,6,595,1986,2.5,1.5,101.0,607.5
covRobust,0,0,0,0,0,0,0,0,0
CoxBoost,0,0,0,0,0,0,0,0,0
coxme,1,4,1,483,21,4,1,483,21
coxphf,0,0,0,0,0,0,0,0,0
coxphw,0,0,0,0,0,0,0,0,0
coxrobust,0,0,0,0,0,0,0,0,0
COZIGAM,0,0,0,0,0,0,0,0,0
CPE,0,0,0,0,0,0,0,0,0
Cprob,0,0,0,0,0,0,0,0,0
cramer,0,0,0,0,0,0,0,0,0
crank,0,0,0,0,0,0,0,0,0
crantastic,0,0,0,0,0,0,0,0,0
crawl,0,0,0,0,0,0,0,0,0
CreditMetrics,1,2,1,268,157,2,1,268,157
crmn,0,0,0,0,0,0,0,0,0
crossdes,0,0,0,0,0,0,0,0,0
crosshybDetector,0,0,0,0,0,0,0,0,0
csampling,0,0,0,0,0,0,0,0,0
cshapes,0,0,0,0,0,0,0,0,0
cslogistic,0,0,0,0,0,0,0,0,0
cthresh,0,0,0,0,0,0,0,0,0
CTT,1,4,4,232,438,4,4,232,438
ctv,1,3,2,183,9086,3,2,183,9086
cubature,2,8,2,543,8709,4.0,1.0,271.5,4354.5
cudaBayesreg,0,0,0,0,0,0,0,0,0
cumSeg,0,0,0,0,0,0,0,0,0
curvetest,0,0,0,0,0,0,0,0,0
cusp,0,0,0,0,0,0,0,0,0
CvM2SL1Test,0,0,0,0,0,0,0,0,0
CvM2SL2Test,0,0,0,0,0,0,0,0,0
CVThresh,0,0,0,0,0,0,0,0,0
cwhmisc,0,0,0,0,0,0,0,0,0
cxxPack,0,0,0,0,0,0,0,0,0
cyclones,0,0,0,0,0,0,0,0,0
DAAG,1,1,1,136,6,1,1,136,6
DAAGbio,0,0,0,0,0,0,0,0,0
DAAGxtras,0,0,0,0,0,0,0,0,0
dae,0,0,0,0,0,0,0,0,0
dafs,0,0,0,0,0,0,0,0,0
dagR,1,0,1,164,70,0,1,164,70
Daim,0,0,0,0,0,0,0,0,0
DAKS,0,0,0,0,0,0,0,0,0
DAMisc,0,0,0,0,0,0,0,0,0
data.table,30,73,48,5950,53497,2.0,2.0,56.5,113.5
DatABEL,0,0,0,0,0,0,0,0,0
dataframes2xls,1,0,0,118,394,0,0,118,394
datamap,0,0,0,0,0,0,0,0,0
date,30,22,36,4993,5316,0.5,1.0,40.5,72.0
Davies,0,0,0,0,0,0,0,0,0
DBI,19,29,27,10672,39129,0,1,160,287.0
dblcens,0,0,0,0,0,0,0,0,0
dcemri,0,0,0,0,0,0,0,0,0
dcemriS4,0,0,0,0,0,0,0,0,0
DCGL,0,0,0,0,0,0,0,0,0
dclone,0,0,0,0,0,0,0,0,0
DCluster,0,0,0,0,0,0,0,0,0
ddesolve,0,0,0,0,0,0,0,0,0
DDHFm,0,0,0,0,0,0,0,0,0
ddst,0,0,0,0,0,0,0,0,0
deal,30,321,58,35901,38684,1.0,1.0,64.5,185.0
debug,30,35,34,4002,41250,1.0,1.0,59.5,311.5
decon,0,0,0,0,0,0,0,0,0
Deducer,8,8,6,1304,4927,0.5,1.0,89.5,22.0
DeducerExtras,0,0,0,0,0,0,0,0,0
DeducerPlugInExample,0,0,0,0,0,0,0,0,0
Defaults,30,113,48,11121,115068,2.0,1.0,138.5,1131.5
degenes,0,0,0,0,0,0,0,0,0
degreenet,0,0,0,0,0,0,0,0,0
deldir,4,11,3,1150,8933,1.0,1.0,160.5,99.5
delftfews,0,0,0,0,0,0,0,0,0
delt,3,6,8,775,570,2,3,143,50
DEMEtics,0,0,0,0,0,0,0,0,0
demography,1,0,1,73,40,0,1,73,40
denpro,0,0,0,0,0,0,0,0,0
denstrip,0,0,0,0,0,0,0,0,0
DEoptim,6,6,7,1768,10261,0.5,1.0,146.0,491.0
Depela,0,0,0,0,0,0,0,0,0
depmix,1,5,3,421,1631,5,3,421,1631
depmixS4,1,5,3,420,1631,5,3,420,1631
depth,30,38,47,5305,8968,1.0,1.0,72.5,42.0
descr,1,3,1,230,2848,3,1,230,2848
DescribeDisplay,2,1,1,199,333,0.5,0.5,99.5,166.5
Design,30,67,31,5407,46256,0.5,1.0,58.5,24.5
DesignPatterns,0,0,0,0,0,0,0,0,0
desirability,0,0,0,0,0,0,0,0,0
desire,29,98,60,17112,61378,1,2,159,98
deSolve,5,8,5,1229,422,1,1,346,28
Devore5,0,0,0,0,0,0,0,0,0
Devore6,0,0,0,0,0,0,0,0,0
Devore7,0,0,0,0,0,0,0,0,0
dglm,0,0,0,0,0,0,0,0,0
DiagnosisMed,0,0,0,0,0,0,0,0,0
diagram,30,46,33,5169,26877,1.0,1.0,127.5,34
diamonds,19,48,32,20574,49638,3,2,256,1031
dice,4,9,7,1891,11113,2.5,2.0,325.0,204.0
DiceDesign,0,0,0,0,0,0,0,0,0
DiceEval,0,0,0,0,0,0,0,0,0
DiceKriging,0,0,0,0,0,0,0,0,0
DiceOptim,0,0,0,0,0,0,0,0,0
dichromat,1,3,2,232,2778,3,2,232,2778
dicionariosIBGE,0,0,0,0,0,0,0,0,0
DierckxSpline,0,0,0,0,0,0,0,0,0
diffractometry,0,0,0,0,0,0,0,0,0
diffusionMap,0,0,0,0,0,0,0,0,0
difR,1,0,2,333,173,0,2,333,173
digeR,0,0,0,0,0,0,0,0,0
digest,22,102,24,11025,64149,3.0,1.0,156.5,2478.0
digitize,0,0,0,0,0,0,0,0,0
diptest,0,0,0,0,0,0,0,0,0
dirmult,0,0,0,0,0,0,0,0,0
diseasemapping,0,0,0,0,0,0,0,0,0
dismo,4,12,5,766,1985,2.5,1.5,142.5,530.0
dispmod,0,0,0,0,0,0,0,0,0
distory,0,0,0,0,0,0,0,0,0
distr,4,5,5,1699,1500,0.5,1.0,121.0,173.5
distrDoc,0,0,0,0,0,0,0,0,0
distrEllipse,0,0,0,0,0,0,0,0,0
distrEx,0,0,0,0,0,0,0,0,0
distributions,30,49,33,9408,49281,0.5,1.0,86.0,77
DistributionUtils,0,0,0,0,0,0,0,0,0
distrMod,0,0,0,0,0,0,0,0,0
distrSim,0,0,0,0,0,0,0,0,0
distrTeach,0,0,0,0,0,0,0,0,0
distrTEst,0,0,0,0,0,0,0,0,0
divagis,0,0,0,0,0,0,0,0,0
diveMove,0,0,0,0,0,0,0,0,0
DiversitySampler,0,0,0,0,0,0,0,0,0
dlm,2,0,2,417,1,0.0,1.0,208.5,1
dlmap,0,0,0,0,0,0,0,0,0
dlnm,0,0,0,0,0,0,0,0,0
doBy,9,19,24,5270,38563,1,3,363,336
DoE.base,0,0,0,0,0,0,0,0,0
DoE.wrapper,1,0,0,44,36,0,0,44,36
doMC,26,57,33,8283,29884,1.0,1.0,171.5,334.0
doMPI,1,0,0,50,314,0,0,50,314
doRedis,6,26,6,2713,12137,4.0,1.0,311.5,1096.0
DoseFinding,0,0,0,0,0,0,0,0,0
DOSim,0,0,0,0,0,0,0,0,0
doSNOW,19,39,26,7724,14761,2,1,225,100.0
dplR,0,0,0,0,0,0,0,0,0
dpmixsim,0,0,0,0,0,0,0,0,0
DPpackage,0,0,0,0,0,0,0,0,0
dr,11,10,18,5061,8320,1,1,148,407
drc,1,2,2,343,45,2,2,343,45
drfit,0,0,0,0,0,0,0,0,0
DRI,0,0,0,0,0,0,0,0,0
drm,0,0,0,0,0,0,0,0,0
dse,2,1,2,1802,12,0.5,1.0,901.0,6.0
dse1,1,-1,4,398,6,-1,4,398,6
dse2,1,-1,4,403,6,-1,4,403,6
DSpat,0,0,0,0,0,0,0,0,0
DTDA,0,0,0,0,0,0,0,0,0
dti,1,-1,1,74,144,-1,1,74,144
DTK,1,4,1,678,130,4,1,678,130
dtt,7,21,10,4457,19102,2,1,358,432
dtw,3,3,3,219,32,1,1,62,6
dummies,14,27,20,5977,10485,1.0,1.0,233.0,514.0
dvfBm,0,0,0,0,0,0,0,0,0
dyad,1,0,1,122,0,0,1,122,0
dyn,4,8,6,1194,7461,2.0,1.5,205.0,1532.5
dynamicGraph,0,0,0,0,0,0,0,0,0
dynamicTreeCut,0,0,0,0,0,0,0,0,0
dynamo,1,1,1,125,34,1,1,125,34
dynaTree,0,0,0,0,0,0,0,0,0
dynCorr,0,0,0,0,0,0,0,0,0
dynGraph,1,0,0,155,534,0,0,155,534
dynlm,5,11,8,2204,12848,2,2,485,2446
e1071,28,34,31,15778,12844,1.0,1.0,223.0,100.5
earth,22,68,31,9140,38948,1.0,1.0,298.0,282.0
eba,0,0,0,0,0,0,0,0,0
EbayesThresh,0,0,0,0,0,0,0,0,0
ebdbNet,0,0,0,0,0,0,0,0,0
Ecdat,1,0,1,49,1,0,1,49,1
ecespa,0,0,0,0,0,0,0,0,0
eco,2,0,1,603,425,0.0,0.5,301.5,212.5
ecodist,0,0,0,0,0,0,0,0,0
ecolMod,0,0,0,0,0,0,0,0,0
ecoreg,0,0,0,0,0,0,0,0,0
edci,0,0,0,0,0,0,0,0,0
EDR,0,0,0,0,0,0,0,0,0
edrGraphicalTools,0,0,0,0,0,0,0,0,0
edtdbg,0,0,0,0,0,0,0,0,0
EffectiveDose,0,0,0,0,0,0,0,0,0
effects,30,35,31,4082,6132,0.5,1.0,70.0,28
egonet,0,0,0,0,0,0,0,0,0
eha,0,0,0,0,0,0,0,0,0
eigenmodel,0,0,0,0,0,0,0,0,0
eiPack,0,0,0,0,0,0,0,0,0
el.convex,0,0,0,0,0,0,0,0,0
elasticnet,0,0,0,0,0,0,0,0,0
elec,1,1,1,116,107,1,1,116,107
ElectroGraph,0,0,0,0,0,0,0,0,0
ElemStatLearn,0,0,0,0,0,0,0,0,0
ellipse,20,78,29,13755,14416,2.0,1.0,365.0,576
elliptic,0,0,0,0,0,0,0,0,0
elrm,1,2,2,301,11,2,2,301,11
EMC,0,0,0,0,0,0,0,0,0
EMCC,0,0,0,0,0,0,0,0,0
EMD,1,1,1,651,4398,1,1,651,4398
emdbook,0,0,0,0,0,0,0,0,0
EMJumpDiffusion,0,0,0,0,0,0,0,0,0
emme2,0,0,0,0,0,0,0,0,0
emoa,0,0,0,0,0,0,0,0,0
emplik,0,0,0,0,0,0,0,0,0
emplik2,0,0,0,0,0,0,0,0,0
EMT,0,0,0,0,0,0,0,0,0
emu,1,4,1,824,318,4,1,824,318
emulator,0,0,0,0,0,0,0,0,0
endogMNP,0,0,0,0,0,0,0,0,0
energy,26,55,33,16814,16604,0.0,1.0,176.0,49
EngrExpt,0,0,0,0,0,0,0,0,0
EnQuireR,0,0,0,0,0,0,0,0,0
ensembleBMA,0,0,0,0,0,0,0,0,0
entropy,12,14,11,2891,12895,0.5,1.0,137.5,162.0
envelope,2,12,3,1219,576,6.0,1.5,609.5,288.0
Epi,3,6,6,753,738,1,2,317,161
epibasix,0,0,0,0,0,0,0,0,0
epicalc,2,1,1,209,2611,0.5,0.5,104.5,1305.5
epinet,0,0,0,0,0,0,0,0,0
epiR,0,0,0,0,0,0,0,0,0
epitools,1,4,1,750,1142,4,1,750,1142
epsi,0,0,0,0,0,0,0,0,0
EQL,0,0,0,0,0,0,0,0,0
eqtl,0,0,0,0,0,0,0,0,0
equate,3,4,5,452,360,1,1,146,13
EquiNorm,0,0,0,0,0,0,0,0,0
equivalence,3,1,2,594,3680,0,1,199,222
ergm,1,0,0,57,22,0,0,57,22
eRm,2,0,1,107,13,0.0,0.5,53.5,6.5
esd4all,0,0,0,0,0,0,0,0,0
estout,1,3,3,481,18,3,3,481,18
ETC,30,34,44,9329,12644,0.0,1.0,55.0,22.5
etm,0,0,0,0,0,0,0,0,0
EvalEst,0,0,0,0,0,0,0,0,0
evaluate,30,75,46,7514,314577,2.0,1.0,62.5,161.5
evd,2,0,4,1058,81,0.0,2.0,529.0,40.5
evdbayes,0,0,0,0,0,0,0,0,0
eVenn,1,0,1,422,143,0,1,422,143
EVER,30,67,48,10667,34042,1.0,2.0,94.0,346.5
evir,0,0,0,0,0,0,0,0,0
exact2x2,0,0,0,0,0,0,0,0,0
exactci,1,3,1,70,2404,3,1,70,2404
exactLoglinTest,0,0,0,0,0,0,0,0,0
exactmaxsel,0,0,0,0,0,0,0,0,0
exactRankTests,0,0,0,0,0,0,0,0,0
exams,0,0,0,0,0,0,0,0,0
ExPD2D,0,0,0,0,0,0,0,0,0
expectreg,0,0,0,0,0,0,0,0,0
experiment,30,40,44,8096,23985,1.0,1.0,56.0,43.0
expert,30,71,45,11267,7986,1.5,1.0,154.5,95.0
expm,1,8,6,3297,9794,8,6,3297,9794
expsmooth,0,0,0,0,0,0,0,0,0
extracat,0,0,0,0,0,0,0,0,0
extRemes,3,4,4,1635,550,1,1,283,11
extremevalues,2,0,2,133,26,0.0,1.0,66.5,13.0
ez,4,7,3,422,845,2.0,0.5,109.5,91.5
FactoClass,0,0,0,0,0,0,0,0,0
FactoMineR,5,5,3,1072,14710,1,1,140,576
Fahrmeir,0,0,0,0,0,0,0,0,0
FAiR,30,131,48,7102,63936,2.0,1.0,171.0,142
fame,4,8,9,701,4666,2.0,2.5,140.5,101.5
FAMT,0,0,0,0,0,0,0,0,0
far,30,55,47,5736,30323,1.0,1.5,41.5,64.5
faraway,0,0,0,0,0,0,0,0,0
fArma,0,0,0,0,0,0,0,0,0
farmR,0,0,0,0,0,0,0,0,0
fAsianOptions,0,0,0,0,0,0,0,0,0
fAssets,0,0,0,0,0,0,0,0,0
fast,30,156,65,22286,59643,1.5,1.0,92.5,285.0
fastICA,0,0,0,0,0,0,0,0,0
favir,0,0,0,0,0,0,0,0,0
fBasics,2,0,2,252,920,0.0,1.0,126.0,460.0
fbati,0,0,0,0,0,0,0,0,0
FBN,0,0,0,0,0,0,0,0,0
fBonds,0,0,0,0,0,0,0,0,0
fCalendar,0,0,0,0,0,0,0,0,0
fCertificates,0,0,0,0,0,0,0,0,0
fCopulae,0,0,0,0,0,0,0,0,0
FD,8,23,10,6488,30768,2.5,1.0,186.5,443.5
fda,8,8,5,925,17560,1.0,0.5,98.5,111.5
fdim,0,0,0,0,0,0,0,0,0
fdrtool,0,0,0,0,0,0,0,0,0
fds,0,0,0,0,0,0,0,0,0
fdth,0,0,0,0,0,0,0,0,0
feature,30,55,36,8739,21260,1.0,1.0,57.5,92.0
fechner,0,0,0,0,0,0,0,0,0
fEcofin,1,0,0,190,1,0,0,190,1
FEST,1,2,1,331,539,2,1,331,539
fExoticOptions,0,0,0,0,0,0,0,0,0
fExtremes,0,0,0,0,0,0,0,0,0
ff,30,61,47,5003,55516,0.5,1.0,95.5,43.5
ffmanova,0,0,0,0,0,0,0,0,0
fftw,0,0,0,0,0,0,0,0,0
fgac,0,0,0,0,0,0,0,0,0
fGarch,3,3,1,775,826,0,0,274,413.0
FGN,0,0,0,0,0,0,0,0,0
fgui,1,0,0,76,170,0,0,76,170
fields,30,63,40,12563,35506,2.0,1.0,82.5,360.5
FieldSim,0,0,0,0,0,0,0,0,0
filehash,6,46,4,2884,25899,5.0,1.0,388.0,1524.0
filehashSQLite,0,0,0,0,0,0,0,0,0
fImport,2,6,2,1097,4337,3.0,1.0,548.5,2168.5
financial,30,89,64,19110,22658,1.0,1.0,88.0,175.5
fingerprint,1,5,1,196,350,5,1,196,350
FinTS,0,0,0,0,0,0,0,0,0
fisheyeR,0,0,0,0,0,0,0,0,0
fishmethods,0,0,0,0,0,0,0,0,0
fit4NM,0,0,0,0,0,0,0,0,0
FitAR,0,0,0,0,0,0,0,0,0
FitARMA,0,0,0,0,0,0,0,0,0
fitdistrplus,6,1,10,3070,959,0.0,1.5,172.0,117.5
FITSio,0,0,0,0,0,0,0,0,0
FKF,0,0,0,0,0,0,0,0,0
flashClust,0,0,0,0,0,0,0,0,0
flexclust,0,0,0,0,0,0,0,0,0
flexCrossHaz,0,0,0,0,0,0,0,0,0
flexmix,2,3,1,2394,522,1.5,0.5,1197.0,261.0
flsa,0,0,0,0,0,0,0,0,0
flubase,0,0,0,0,0,0,0,0,0
Flury,0,0,0,0,0,0,0,0,0
fma,1,0,1,91,94,0,1,91,94
FME,0,0,0,0,0,0,0,0,0
fmri,0,0,0,0,0,0,0,0,0
fmsb,1,6,2,2413,2510,6,2,2413,2510
fMultivar,1,0,1,44,72,0,1,44,72
FNN,2,2,2,553,29251,1.0,1.0,276.5,14625.5
fNonlinear,0,0,0,0,0,0,0,0,0
foba,0,0,0,0,0,0,0,0,0
fOptions,1,0,1,217,2810,0,1,217,2810
foreach,30,64,51,9284,23439,1.0,2.0,112.0,136.5
forecast,30,26,40,11719,9666,0.0,1.0,103.5,42
foreign,30,49,45,20682,44421,1.0,1.0,143.5,134.5
forensic,0,0,0,0,0,0,0,0,0
forensim,0,0,0,0,0,0,0,0,0
fork,10,19,13,1715,13337,1.0,1.0,122.0,452.0
formatR,5,32,12,2851,21247,5,3,318,850
Formula,30,22,32,1950,31633,0.0,1.0,44.5,162
formula.tools,0,0,0,0,0,0,0,0,0
fortunes,3,39,3,1311,10713,0,1,354,1901
forward,30,39,39,8195,20624,1.0,1.0,81.5,75.5
fossil,0,0,0,0,0,0,0,0,0
fpc,10,19,9,4053,10847,2.0,1.0,306.5,80.0
fpca,0,0,0,0,0,0,0,0,0
fPortfolio,3,5,4,1400,541,2,1,341,150
fpow,0,0,0,0,0,0,0,0,0
fptdApprox,0,0,0,0,0,0,0,0,0
fracdiff,2,5,2,331,2779,2.5,1.0,165.5,1389.5
FracSim,0,0,0,0,0,0,0,0,0
fractal,2,0,2,259,174,0.0,1.0,129.5,87.0
fractalrock,0,0,0,0,0,0,0,0,0
frailtypack,0,0,0,0,0,0,0,0,0
FRB,0,0,0,0,0,0,0,0,0
frbf,0,0,0,0,0,0,0,0,0
fRegression,0,0,0,0,0,0,0,0,0
freqMAP,0,0,0,0,0,0,0,0,0
FrF2.catlg128,0,0,0,0,0,0,0,0,0
FrF2,3,3,3,221,7,1,1,78,3.5
frontier,3,-2,2,520,49,0,1,116,20
FSelector,2,3,1,501,2826,1.5,0.5,250.5,1413.0
fSeries,0,0,0,0,0,0,0,0,0
fso,0,0,0,0,0,0,0,0,0
FTICRMS,0,0,0,0,0,0,0,0,0
ftnonpar,0,0,0,0,0,0,0,0,0
fTrading,1,1,2,94,143,1,2,94,143
fts,0,0,0,0,0,0,0,0,0
ftsa,2,8,2,140,142,4.0,1.0,70.0,71.0
FunCluster,0,0,0,0,0,0,0,0,0
FunctSNP,0,0,0,0,0,0,0,0,0
fUnitRoots,2,4,3,200,1126,2.0,1.5,100.0,563.0
FunNet,0,0,0,0,0,0,0,0,0
futile.any,0,0,0,0,0,0,0,0,0
futile,2,16,3,1272,16649,8.0,1.5,636.0,8324.5
futile.logger,0,0,0,0,0,0,0,0,0
futile.matrix,0,0,0,0,0,0,0,0,0
futile.options,0,0,0,0,0,0,0,0,0
futile.paradigm,0,0,0,0,0,0,0,0,0
fUtilities,0,0,0,0,0,0,0,0,0
fuzzyFDR,0,0,0,0,0,0,0,0,0
fuzzyOP,0,0,0,0,0,0,0,0,0
fuzzyRankTests,0,0,0,0,0,0,0,0,0
fwdmsa,0,0,0,0,0,0,0,0,0
fxregime,0,0,0,0,0,0,0,0,0
g.data,0,0,0,0,0,0,0,0,0
G1DBN,0,0,0,0,0,0,0,0,0
gafit,0,0,0,0,0,0,0,0,0
gam,30,28,29,5698,6035,1.0,1.0,135.5,55.5
gamair,0,0,0,0,0,0,0,0,0
GAMBoost,0,0,0,0,0,0,0,0,0
GAMens,1,2,2,126,1789,2,2,126,1789
gamesNws,0,0,0,0,0,0,0,0,0
gamlss.add,0,0,0,0,0,0,0,0,0
gamlss.cens,0,0,0,0,0,0,0,0,0
gamlss.data,0,0,0,0,0,0,0,0,0
gamlss.demo,0,0,0,0,0,0,0,0,0
gamlss.dist,2,5,3,784,340,2.5,1.5,392.0,170.0
gamlss,4,0,2,269,3,0.0,0.5,32.5,1
gamlss.mx,1,0,1,28,0,0,1,28,0
gamlss.nl,0,0,0,0,0,0,0,0,0
gamlss.tr,0,0,0,0,0,0,0,0,0
gamlss.util,0,0,0,0,0,0,0,0,0
gamm4,3,1,3,2966,473,0,1,374,192
gap,30,76,38,6592,22573,1.0,1.0,148.0,126
gaussDiff,0,0,0,0,0,0,0,0,0
gausspred,0,0,0,0,0,0,0,0,0
gbev,0,0,0,0,0,0,0,0,0
gbm,21,19,22,8467,16589,1,1,189,80
gbs,1,0,0,47,231,0,0,47,231
gcExplorer,0,0,0,0,0,0,0,0,0
gclus,0,0,0,0,0,0,0,0,0
gcmrec,0,0,0,0,0,0,0,0,0
gcolor,2,0,2,68,8378,0.0,1.0,34.0,4189.0
gdata,19,44,34,5985,123579,1,2,214,1521
GDD,3,0,4,283,167,0,1,89,41
gee,6,7,9,4328,6568,1.0,1.5,308.5,352.0
geepack,3,6,5,778,778,2,2,301,192
geiger,1,0,1,128,97,0,1,128,97
GenABEL,1,0,1,38,47,0,1,38,47
genalg,2,1,1,199,36,0.5,0.5,99.5,18.0
gene2pathway,0,0,0,0,0,0,0,0,0
geneARMA,0,0,0,0,0,0,0,0,0
Geneclust,0,0,0,0,0,0,0,0,0
GeneCycle,0,0,0,0,0,0,0,0,0
GeneF,1,1,1,63,743,1,1,63,743
genefu,0,0,0,0,0,0,0,0,0
Geneland,0,0,0,0,0,0,0,0,0
geneListPie,0,0,0,0,0,0,0,0,0
GeneNet,0,0,0,0,0,0,0,0,0
GeneralizedHyperbolic,0,0,0,0,0,0,0,0,0
GeneReg,0,0,0,0,0,0,0,0,0
genetics,11,16,15,7112,24018,1,1,158,50
GenKern,0,0,0,0,0,0,0,0,0
genomatic,0,0,0,0,0,0,0,0,0
genoPlotR,0,0,0,0,0,0,0,0,0
geofd,0,0,0,0,0,0,0,0,0
GEOmap,0,0,0,0,0,0,0,0,0
geomapdata,0,0,0,0,0,0,0,0,0
geometry,14,24,16,3097,4889,1.5,1.0,109.0,91.5
geonames,1,2,1,90,18547,2,1,90,18547
geophys,0,0,0,0,0,0,0,0,0
geoR,7,7,6,1086,5778,1,1,101,58
geoRglm,0,0,0,0,0,0,0,0,0
geosphere,3,9,5,1277,13413,4,2,221,2810
GeoXp,0,0,0,0,0,0,0,0,0
geozoo,0,0,0,0,0,0,0,0,0
getopt,5,10,10,2936,22337,3,2,380,2466
GEVcdn,0,0,0,0,0,0,0,0,0
GExMap,0,0,0,0,0,0,0,0,0
GGally,7,18,7,2032,9495,2,1,237,1841.0
ggm,1,0,1,347,51,0,1,347,51
GGMselect,0,0,0,0,0,0,0,0,0
ggplot2,30,56,39,10978,41353,1.0,1.0,51.5,149
ghyp,1,1,1,2307,7326,1,1,2307,7326
gibbs.met,0,0,0,0,0,0,0,0,0
GillespieSSA,2,2,2,158,401,1.0,1.0,79.0,200.5
giRaph,0,0,0,0,0,0,0,0,0
glasso,0,0,0,0,0,0,0,0,0
gld,8,13,12,9248,4107,1.5,1.0,414.5,261.5
GLDEX,0,0,0,0,0,0,0,0,0
gllm,0,0,0,0,0,0,0,0,0
glmdm,0,0,0,0,0,0,0,0,0
glmmAK,0,0,0,0,0,0,0,0,0
GLMMarp,0,0,0,0,0,0,0,0,0
glmmBUGS,0,0,0,0,0,0,0,0,0
glmmML,0,0,0,0,0,0,0,0,0
glmnet,28,38,24,18084,30703,1.0,1.0,295.0,97
glmpath,0,0,0,0,0,0,0,0,0
glmperm,0,0,0,0,0,0,0,0,0
glmulti,5,14,4,2967,6737,3,1,221,41
glpk,0,0,0,0,0,0,0,0,0
gmaps,0,0,0,0,0,0,0,0,0
gmm,4,4,3,1486,1553,1.0,0.5,289.5,109.5
gmodels,5,20,8,1333,47748,2,2,214,127
gmp,2,4,2,314,23338,2.0,1.0,157.0,11669.0
gmt,30,48,36,10626,17218,1.0,1.0,165.5,150.0
gmvalid,0,0,0,0,0,0,0,0,0
gnm,1,3,2,418,1200,3,2,418,1200
gnumeric,0,0,0,0,0,0,0,0,0
goalprog,0,0,0,0,0,0,0,0,0
gof,2,1,1,136,21,0.5,0.5,68.0,10.5
GOFSN,0,0,0,0,0,0,0,0,0
gogarch,0,0,0,0,0,0,0,0,0
GOSim,0,0,0,0,0,0,0,0,0
GPArotation,0,0,0,0,0,0,0,0,0
gpclib,0,0,0,0,0,0,0,0,0
gPdtest,0,0,0,0,0,0,0,0,0
gplots,21,49,30,13071,30376,2,1,275,144
gpls,0,0,0,0,0,0,0,0,0
GPseq,0,0,0,0,0,0,0,0,0
gputools,3,2,4,1100,216,1,1,322,48
grade,28,61,49,7489,77816,1.0,2.0,125.5,665.0
gRain,3,0,1,271,41,0,0,66,1
granova,0,0,0,0,0,0,0,0,0
graph,30,48,41,3992,56303,0.0,1.0,38.5,35.0
gRapHD,0,0,0,0,0,0,0,0,0
graphicsQC,0,0,0,0,0,0,0,0,0
GRASS,4,4,3,557,1827,1.0,1.0,142.5,469.5
GrassmannOptim,0,0,0,0,0,0,0,0,0
gRbase,2,4,2,237,753,2.0,1.0,118.5,376.5
gRc,1,0,1,110,1789,0,1,110,1789
gregmisc,2,7,3,3540,2071,3.5,1.5,1770.0,1035.5
gridBase,1,2,1,69,556,2,1,69,556
gridExtra,23,79,30,17024,60299,2,1,248,547
GridR,0,0,0,0,0,0,0,0,0
grImport,1,4,3,317,33,4,3,317,33
grofit,2,2,4,1817,1933,1.0,2.0,908.5,966.5
grouped,30,58,44,3520,30311,1.0,1.5,75.5,29.5
GroupSeq,0,0,0,0,0,0,0,0,0
grplasso,1,0,0,67,15,0,0,67,15
grpreg,0,0,0,0,0,0,0,0,0
GRRGI,0,0,0,0,0,0,0,0,0
grt,0,0,0,0,0,0,0,0,0
GSA,1,0,0,571,437,0,0,571,437
gsarima,0,0,0,0,0,0,0,0,0
gsc,0,0,0,0,0,0,0,0,0
gsDesign,0,0,0,0,0,0,0,0,0
gsl,6,8,9,1196,5037,1.0,1.5,182.5,352.5
GSM,3,0,3,659,170,0,1,60,29
gss,0,0,0,0,0,0,0,0,0
gstat,7,11,6,1914,11771,1,1,251,29
gsubfn,0,0,0,0,0,0,0,0,0
gtools,5,10,6,2320,5949,2,1,537,509
Guerry,0,0,0,0,0,0,0,0,0
gumbel,2,3,4,1299,733,1.5,2.0,649.5,366.5
gvlma,0,0,0,0,0,0,0,0,0
GWAF,0,0,0,0,0,0,0,0,0
GWASExactHW,0,0,0,0,0,0,0,0,0
gWidgets,30,24,31,2885,26871,1.0,1.0,77.0,314.0
gWidgetsRGtk2,4,6,5,470,229,0.5,1.0,125.0,30.0
gWidgetsrJava,0,0,0,0,0,0,0,0,0
gWidgetstcltk,4,3,1,417,25322,0.5,0.0,112.5,314.0
gWidgetsWWW,4,7,4,745,2581,1.0,1.0,135.0,645.5
GWRM,0,0,0,0,0,0,0,0,0
haarfisz,0,0,0,0,0,0,0,0,0
hacks,4,19,4,1253,9624,5.0,1.0,296.0,216.5
HadoopStreaming,0,0,0,0,0,0,0,0,0
halp,0,0,0,0,0,0,0,0,0
hapassoc,0,0,0,0,0,0,0,0,0
HapEstXXR,0,0,0,0,0,0,0,0,0
HAPim,0,0,0,0,0,0,0,0,0
Haplin,0,0,0,0,0,0,0,0,0
haplo.ccs,0,0,0,0,0,0,0,0,0
haplo.stats,0,0,0,0,0,0,0,0,0
HaploSim,0,0,0,0,0,0,0,0,0
hapsim,0,0,0,0,0,0,0,0,0
HardyWeinberg,0,0,0,0,0,0,0,0,0
hash,30,200,55,43835,63136,2.0,1.5,143.5,295.5
hbim,0,0,0,0,0,0,0,0,0
hbmem,0,0,0,0,0,0,0,0,0
hda,0,0,0,0,0,0,0,0,0
HDclassif,0,0,0,0,0,0,0,0,0
hddplot,0,0,0,0,0,0,0,0,0
hdeco,0,0,0,0,0,0,0,0,0
hdf5,12,56,23,10406,22710,3.5,2.0,305.0,713
HDMD,0,0,0,0,0,0,0,0,0
hdrcde,0,0,0,0,0,0,0,0,0
heatmap.plus,0,0,0,0,0,0,0,0,0
heavy,27,99,38,9065,109717,2,1,279,819
helloJavaWorld,0,0,0,0,0,0,0,0,0
heplots,0,0,0,0,0,0,0,0,0
hergm,0,0,0,0,0,0,0,0,0
hett,0,0,0,0,0,0,0,0,0
hexbin,12,54,23,11631,7736,1.5,2.0,270.5,283.0
hexView,0,0,0,0,0,0,0,0,0
HFWutils,0,0,0,0,0,0,0,0,0
hgam,0,0,0,0,0,0,0,0,0
hglm,0,0,0,0,0,0,0,0,0
HGLMMM,0,0,0,0,0,0,0,0,0
HH,16,16,23,4871,33645,1.0,1.0,177.0,528.5
HI,30,21,47,14281,3448,0.5,1.0,46.5,62.5
HiddenMarkov,1,0,1,72,1,0,1,72,1
hier.part,1,4,1,1330,23,4,1,1330,23
hierfstat,0,0,0,0,0,0,0,0,0
highlight,30,56,42,7826,77033,1.5,1.0,119.0,156.0
hints,30,172,56,25555,78326,2.5,1.5,180.0,137.5
HistData,1,1,0,228,940,1,0,228,940
histogram,30,50,46,16762,32734,1.0,1.0,74.0,86
hlr,0,0,0,0,0,0,0,0,0
Hmisc,30,185,57,25961,89132,2.0,1.0,230.5,120.0
hmm.discnp,0,0,0,0,0,0,0,0,0
HMM,7,2,6,3836,21569,0,1,139,364
HMR,1,5,2,268,10323,5,2,268,10323
homals,0,0,0,0,0,0,0,0,0
homtest,0,0,0,0,0,0,0,0,0
hopach,0,0,0,0,0,0,0,0,0
hot,12,48,26,3153,12588,1.5,2.0,110.0,97.0
hotspots,1,2,2,606,33,2,2,606,33
howmany,0,0,0,0,0,0,0,0,0
HSAUR,0,0,0,0,0,0,0,0,0
HSAUR2,1,0,2,205,22,0,2,205,22
hsmm,0,0,0,0,0,0,0,0,0
HTMLUtils,1,3,1,230,2848,3,1,230,2848
hts,2,6,3,431,326,3.0,1.5,215.5,163.0
httpRequest,1,5,4,1288,102,5,4,1288,102
hwde,0,0,0,0,0,0,0,0,0
HWEBayes,0,0,0,0,0,0,0,0,0
HWEintrinsic,0,0,0,0,0,0,0,0,0
hwriter,2,9,1,628,12239,4.5,0.5,314.0,6119.5
hybridHclust,0,0,0,0,0,0,0,0,0
HybridMC,0,0,0,0,0,0,0,0,0
hydrogeo,0,0,0,0,0,0,0,0,0
HydroMe,1,0,1,1069,10,0,1,1069,10
hydrosanity,0,0,0,0,0,0,0,0,0
HyperbolicDist,0,0,0,0,0,0,0,0,0
hyperdirichlet,0,0,0,0,0,0,0,0,0
hypergeo,0,0,0,0,0,0,0,0,0
hyperSpec,2,5,3,208,3864,2.5,1.5,104.0,1932.0
ibdreg,0,0,0,0,0,0,0,0,0
ibr,0,0,0,0,0,0,0,0,0
IBrokers,8,13,8,1890,3547,1.5,1.0,245.5,35.0
iBUGS,0,0,0,0,0,0,0,0,0
ic.infer,0,0,0,0,0,0,0,0,0
ic50,0,0,0,0,0,0,0,0,0
ICE,5,17,14,1517,48969,5,2,325,16278
ICEinfer,1,1,0,56,6,1,0,56,6
Icens,1,2,1,33,20,2,1,33,20
iCluster,0,0,0,0,0,0,0,0,0
icomp,0,0,0,0,0,0,0,0,0
ICS,0,0,0,0,0,0,0,0,0
ICSNP,0,0,0,0,0,0,0,0,0
identity,26,58,47,8129,97758,1.0,2.0,175.0,286.5
IDPmisc,0,0,0,0,0,0,0,0,0
IFP,0,0,0,0,0,0,0,0,0
ifs,3,16,8,4285,2403,8,3,418,941
ifultools,0,0,0,0,0,0,0,0,0
iGenomicViewer,0,0,0,0,0,0,0,0,0
igraph,30,33,35,4403,28207,1.0,1.0,67.5,44.5
igraphtosonia,0,0,0,0,0,0,0,0,0
iid.test,0,0,0,0,0,0,0,0,0
Imap,1,2,1,171,618,2,1,171,618
imprProbEst,0,0,0,0,0,0,0,0,0
impute,30,33,45,11741,27251,1.0,1.5,142.0,59.0
imputeMDR,0,0,0,0,0,0,0,0,0
ineq,1,1,2,223,69,1,2,223,69
influence.ME,1,0,1,46,19,0,1,46,19
infotheo,0,0,0,0,0,0,0,0,0
IniStatR,0,0,0,0,0,0,0,0,0
inline,30,99,38,4686,164357,2.0,1.0,106.0,635.5
inlinedocs,0,0,0,0,0,0,0,0,0
intamap,0,0,0,0,0,0,0,0,0
intamapInteractive,0,0,0,0,0,0,0,0,0
intcox,1,0,0,43,101,0,0,43,101
integrativeME,0,0,0,0,0,0,0,0,0
integrOmics,0,0,0,0,0,0,0,0,0
interactivity,5,26,12,3243,16584,2,1,239,2441
interval,30,29,45,2439,6649,1.0,1.0,53.0,34
intervals,30,25,40,3516,6477,0.0,1.0,62.0,37.5
introgress,0,0,0,0,0,0,0,0,0
iplots,4,9,5,4912,1586,2.0,1.0,808.0,434.5
ipred,0,0,0,0,0,0,0,0,0
IPSUR,0,0,0,0,0,0,0,0,0
ipw,0,0,0,0,0,0,0,0,0
IQCC,1,2,1,102,16,2,1,102,16
irr,7,9,8,867,1764,1,1,94,129
irtoys,0,0,0,0,0,0,0,0,0
irtProb,0,0,0,0,0,0,0,0,0
ISA,1,1,1,177,28,1,1,177,28
isa2,0,0,0,0,0,0,0,0,0
isdals,0,0,0,0,0,0,0,0,0
ismev,1,1,1,75,12,1,1,75,12
Iso,30,66,41,17112,22693,1.0,1.0,253.0,318.0
ISOcodes,1,2,0,303,1769,2,0,303,1769
IsoGene,0,0,0,0,0,0,0,0,0
isopam,0,0,0,0,0,0,0,0,0
isotone,0,0,0,0,0,0,0,0,0
isva,0,0,0,0,0,0,0,0,0
ISwR,0,0,0,0,0,0,0,0,0
iterators,6,8,8,1581,8971,1.0,1.5,240.0,670.5
itertools,7,25,16,8142,39831,3,2,321,2130
its,30,180,38,7458,55690,1.0,1.0,52.0,61.0
ivivc,0,0,0,0,0,0,0,0,0
JADE,0,0,0,0,0,0,0,0,0
JavaGD,6,11,4,2042,4828,2.0,1.0,350.5,126.5
JGR,14,31,22,7227,49971,1.0,1.0,212.0,406.0
jit,5,36,10,2113,11864,4,2,424,3211
JJcorr,0,0,0,0,0,0,0,0,0
JM,1,0,2,32,114,0,2,32,114
jointDiag,0,0,0,0,0,0,0,0,0
JointModeling,0,0,0,0,0,0,0,0,0
JOP,0,0,0,0,0,0,0,0,0
JudgeIt,0,0,0,0,0,0,0,0,0
kappalab,0,0,0,0,0,0,0,0,0
Kendall,7,3,10,2558,11091,1,1,306,98
kerfdr,0,0,0,0,0,0,0,0,0
kernelPop,0,0,0,0,0,0,0,0,0
kernlab,26,28,25,10006,19688,1.0,1.0,182.0,138.5
KernSmooth,3,3,3,719,2782,0,1,229,3
KFAS,2,1,1,937,314,0.5,0.5,468.5,157.0
kin.cohort,0,0,0,0,0,0,0,0,0
kinfit,0,0,0,0,0,0,0,0,0
kinship,1,0,0,260,1,0,0,260,1
kknn,2,0,1,534,31,0.0,0.5,267.0,15.5
klaR,4,3,4,399,591,0.5,1.0,96.5,30.5
klin,0,0,0,0,0,0,0,0,0
km.ci,0,0,0,0,0,0,0,0,0
kmi,0,0,0,0,0,0,0,0,0
kml,6,10,8,3114,834,2.0,1.0,408.5,68.5
kml3d,0,0,0,0,0,0,0,0,0
KMsurv,1,2,0,186,819,2,0,186,819
knncat,1,0,2,197,5,0,2,197,5
knnflex,5,7,6,3218,6964,1,1,259,448
knorm,0,0,0,0,0,0,0,0,0
kohonen,4,1,7,5633,2464,0.0,1.5,186.5,65.0
ks,11,8,16,1943,4046,1,2,82,171
kst,0,0,0,0,0,0,0,0,0
kza,0,0,0,0,0,0,0,0,0
kzft,0,0,0,0,0,0,0,0,0
kzs,0,0,0,0,0,0,0,0,0
labdsv,0,0,0,0,0,0,0,0,0
labeltodendro,0,0,0,0,0,0,0,0,0
labstatR,0,0,0,0,0,0,0,0,0
laeken,0,0,0,0,0,0,0,0,0
lago,0,0,0,0,0,0,0,0,0
LambertW,0,0,0,0,0,0,0,0,0
lancet.iraqmortality,0,0,0,0,0,0,0,0,0
languageR,1,1,1,938,6,1,1,938,6
lars,6,4,5,1994,6187,0.5,1.0,295.5,32.0
laser,2,14,6,3086,2023,7.0,3.0,1543.0,1011.5
lasso2,0,0,0,0,0,0,0,0,0
latdiag,0,0,0,0,0,0,0,0,0
latentnet,0,0,0,0,0,0,0,0,0
lattice,30,42,38,5516,26505,1.0,1.0,86.0,104.0
latticedl,0,0,0,0,0,0,0,0,0
latticeExtra,5,11,6,2346,279,2,1,389,55
latticist,0,0,0,0,0,0,0,0,0
lavaan,3,3,2,284,159,1,1,90,8
lawstat,0,0,0,0,0,0,0,0,0
lazy,30,103,48,6779,136699,1.0,1.0,95.0,212.0
lcd,1,8,3,2230,2508,8,3,2230,2508
lcda,0,0,0,0,0,0,0,0,0
lcmm,0,0,0,0,0,0,0,0,0
lda.cv,0,0,0,0,0,0,0,0,0
lda,29,22,28,8463,9543,0,1,165,84.5
ldbounds,0,0,0,0,0,0,0,0,0
ldDesign,0,0,0,0,0,0,0,0,0
LDdiag,0,0,0,0,0,0,0,0,0
LDheatmap,0,0,0,0,0,0,0,0,0
LDtests,0,0,0,0,0,0,0,0,0
leaps,5,7,3,1448,1610,1,1,207,81
LearnBayes,0,0,0,0,0,0,0,0,0
LearnEDA,0,0,0,0,0,0,0,0,0
leiv,0,0,0,0,0,0,0,0,0
lemma,1,1,2,92,691,1,2,92,691
lga,0,0,0,0,0,0,0,0,0
lgtdl,0,0,0,0,0,0,0,0,0
lhs,21,85,31,10517,36358,2,1,269,373.0
LiblineaR,0,0,0,0,0,0,0,0,0
LIM,3,4,3,959,246,1,1,338,92
limitplot,0,0,0,0,0,0,0,0,0
limSolve,3,1,4,771,422,0,1,208,6
linprog,1,0,1,132,4,0,1,132,4
list,30,49,42,3033,13053,1.0,1.0,44.5,36.0
LIStest,0,0,0,0,0,0,0,0,0
ljr,0,0,0,0,0,0,0,0,0
LLAhclust,0,0,0,0,0,0,0,0,0
LLdecomp,0,0,0,0,0,0,0,0,0
lme4,30,112,36,25608,41103,1.0,1.0,111.0,112
lmec,0,0,0,0,0,0,0,0,0
lmeSplines,0,0,0,0,0,0,0,0,0
LMGene,0,0,0,0,0,0,0,0,0
lmm,4,4,5,623,902,1.0,1.5,138.0,268.0
lmodel2,1,2,2,773,509,2,2,773,509
lmom,1,0,1,417,193,0,1,417,193
lmomco,0,0,0,0,0,0,0,0,0
Lmoments,0,0,0,0,0,0,0,0,0
lmomRFA,0,0,0,0,0,0,0,0,0
lmPerm,0,0,0,0,0,0,0,0,0
lmtest,2,1,3,470,12,0.5,1.5,235.0,6.0
localdepth,0,0,0,0,0,0,0,0,0
locfit,3,4,3,1103,381,2,1,437,127
locpol,0,0,0,0,0,0,0,0,0
lodplot,0,0,0,0,0,0,0,0,0
log10,17,38,17,7145,22021,2,1,107,85.5
LogConcDEAD,0,0,0,0,0,0,0,0,0
logcondens,0,0,0,0,0,0,0,0,0
logging,20,107,35,11562,64638,3.5,1.0,313.0,1585.0
LogicForest,0,0,0,0,0,0,0,0,0
LogicReg,0,0,0,0,0,0,0,0,0
logistf,0,0,0,0,0,0,0,0,0
LogitNet,0,0,0,0,0,0,0,0,0
loglognorm,0,0,0,0,0,0,0,0,0
logregperm,0,0,0,0,0,0,0,0,0
logspline,1,1,2,161,51,1,2,161,51
lokern,0,0,0,0,0,0,0,0,0
longitudinal,17,57,39,4548,6912,2,2,105,112
longitudinalData,0,0,0,0,0,0,0,0,0
longmemo,0,0,0,0,0,0,0,0,0
longRPart,0,0,0,0,0,0,0,0,0
LoopAnalyst,0,0,0,0,0,0,0,0,0
lordif,1,0,2,72,52,0,2,72,52
lossDev,0,0,0,0,0,0,0,0,0
LowRankQP,1,1,3,428,632,1,3,428,632
lpc,1,0,2,76,87,0,2,76,87
lpridge,0,0,0,0,0,0,0,0,0
lpSolve,2,0,3,486,514,0.0,1.5,243.0,257.0
lpSolveAPI,0,0,0,0,0,0,0,0,0
lqa,0,0,0,0,0,0,0,0,0
LS2W,0,0,0,0,0,0,0,0,0
lsa,6,6,8,3132,997,1.0,1.0,198.0,15.5
lspls,0,0,0,0,0,0,0,0,0
lss,0,0,0,0,0,0,0,0,0
ltm,3,2,3,322,136,0,1,85,34
ltsa,0,0,0,0,0,0,0,0,0
lubridate,30,51,47,10115,24481,1.0,1.0,139.0,470.0
luca,4,7,7,2290,800,1.5,1.5,266.5,204.5
maanova,1,2,2,1049,0,2,2,1049,0
MAc,30,60,32,5553,18002,1.0,1.0,69.5,74
MAclinical,0,0,0,0,0,0,0,0,0
MAd,16,45,37,13596,19070,2.0,2.0,356.5,1042.0
MADAM,1,3,1,103,45,3,1,103,45
magic,30,87,43,12918,48224,2.0,1.0,204.0,445.0
magma,1,2,2,69,450,2,2,69,450
magnets,0,0,0,0,0,0,0,0,0
MAMA,0,0,0,0,0,0,0,0,0
MAMSE,0,0,0,0,0,0,0,0,0
mapdata,3,8,4,1179,2620,2,1,356,812
mapLD,0,0,0,0,0,0,0,0,0
mapproj,1,2,1,202,11,2,1,202,11
mapReduce,15,59,26,8418,7875,1,1,159,102
maps,30,133,54,43961,51180,0.5,1.0,96.0,80.5
maptools,19,31,25,7405,7582,1,1,297,375
maptree,0,0,0,0,0,0,0,0,0
mAr,30,55,38,4151,27119,1.0,1.0,93.0,78.0
mar1s,0,0,0,0,0,0,0,0,0
marelac,0,0,0,0,0,0,0,0,0
marelacTeaching,0,0,0,0,0,0,0,0,0
marg,1,1,1,103,33,1,1,103,33
marginalmodelplots,0,0,0,0,0,0,0,0,0
marginTree,0,0,0,0,0,0,0,0,0
MarkedPointProcess,0,0,0,0,0,0,0,0,0
MARSS,1,1,0,102,607,1,0,102,607
MASS,30,42,40,6391,35226,1.0,1.0,101.0,102.5
MasterBayes,0,0,0,0,0,0,0,0,0
Matching,30,54,44,2070,72237,1.0,1.0,57.0,39.0
MatchIt,0,0,0,0,0,0,0,0,0
mathgraph,0,0,0,0,0,0,0,0,0
maticce,0,0,0,0,0,0,0,0,0
matlab,30,68,47,9421,9134,1.0,1.0,77.0,40.5
Matrix,30,24,31,3265,6317,0.0,1.0,33.0,22.0
matrixcalc,1,0,1,122,1149,0,1,122,1149
MatrixModels,0,0,0,0,0,0,0,0,0
matrixStats,1,0,1,40,516,0,1,40,516
MaXact,1,0,4,460,93,0,4,460,93
maxLik,2,2,2,881,2420,1.0,1.0,440.5,1210.0
maxstat,1,4,2,123,27,4,2,123,27
MBA,0,0,0,0,0,0,0,0,0
MBESS,0,0,0,0,0,0,0,0,0
mblm,0,0,0,0,0,0,0,0,0
mbmdr,0,0,0,0,0,0,0,0,0
mboost,1,6,2,230,31,6,2,230,31
mc2d,1,2,3,192,56,2,3,192,56
MCAPS,0,0,0,0,0,0,0,0,0
mcclust,0,0,0,0,0,0,0,0,0
MCE,0,0,0,0,0,0,0,0,0
mcgibbsit,0,0,0,0,0,0,0,0,0
MChtest,0,0,0,0,0,0,0,0,0
mclogit,0,0,0,0,0,0,0,0,0
mclust,6,4,4,2115,2513,0.5,1.0,112.0,228.0
mcmc,27,67,38,10125,34503,1,1,198,379
MCMCglmm,1,0,1,87,432,0,1,87,432
MCMChybridGP,0,0,0,0,0,0,0,0,0
MCMCpack,4,14,3,2420,10216,0.5,0.5,106.5,902.0
mcmcplots,0,0,0,0,0,0,0,0,0
mco,0,0,0,0,0,0,0,0,0
Mcomp,0,0,0,0,0,0,0,0,0
MCPAN,0,0,0,0,0,0,0,0,0
MCPMod,0,0,0,0,0,0,0,0,0
mcsm,1,3,1,157,18,3,1,157,18
mda,1,0,2,753,4400,0,2,753,4400
meboot,1,1,1,181,607,1,1,181,607
mecdf,0,0,0,0,0,0,0,0,0
medAdherence,0,0,0,0,0,0,0,0,0
mediation,4,4,6,1748,1402,1.5,1.0,279.5,94.5
mefa,0,0,0,0,0,0,0,0,0
meifly,0,0,0,0,0,0,0,0,0
memisc,12,110,25,19217,39378,2.0,2.0,216.5,93.5
MEMSS,0,0,0,0,0,0,0,0,0
merror,0,0,0,0,0,0,0,0,0
meta,27,64,43,8633,93786,1,1,164,337.0
MetabolAnalyze,0,0,0,0,0,0,0,0,0
Metabonomic,0,0,0,0,0,0,0,0,0
metacor,0,0,0,0,0,0,0,0,0
metafor,1,3,3,2527,62,3,3,2527,62
metaMA,0,0,0,0,0,0,0,0,0
MFDA,0,0,0,0,0,0,0,0,0
MFDF,0,0,0,0,0,0,0,0,0
mFilter,0,0,0,0,0,0,0,0,0
mfp,0,0,0,0,0,0,0,0,0
mgcv,19,24,25,5658,39114,1,1,167,71
mhsmm,0,0,0,0,0,0,0,0,0
mhurdle,0,0,0,0,0,0,0,0,0
mi,16,91,27,9188,35454,0.5,1.5,131.0,301.0
mice,9,11,6,2435,2851,1,0,204,247
micEcon,0,0,0,0,0,0,0,0,0
micEconAids,0,0,0,0,0,0,0,0,0
micEconCES,0,0,0,0,0,0,0,0,0
micEconSNQP,0,0,0,0,0,0,0,0,0
MIfuns,1,3,1,230,2843,3,1,230,2843
migui,0,0,0,0,0,0,0,0,0
MImix,0,0,0,0,0,0,0,0,0
mimR,0,0,0,0,0,0,0,0,0
minet,0,0,0,0,0,0,0,0,0
miniGUI,0,0,0,0,0,0,0,0,0
minpack.lm,3,2,2,324,67,1,1,95,23
minqa,2,0,1,864,86,0.0,0.5,432.0,43.0
minxent,0,0,0,0,0,0,0,0,0
mirf,0,0,0,0,0,0,0,0,0
misc3d,2,9,3,526,550,4.5,1.5,263.0,275.0
MiscPsycho,1,3,2,2471,7018,3,2,2471,7018
miscTools,1,0,1,399,6,0,1,399,6
missMDA,0,0,0,0,0,0,0,0,0
mitools,0,0,0,0,0,0,0,0,0
mix,30,50,35,9118,68977,1.0,1.0,184.5,350.0
mixAK,0,0,0,0,0,0,0,0,0
mixdist,0,0,0,0,0,0,0,0,0
mixer,0,0,0,0,0,0,0,0,0
mixfdr,0,0,0,0,0,0,0,0,0
mixlow,0,0,0,0,0,0,0,0,0
mixOmics,4,2,2,643,112,0.0,0.0,76.0,29.0
mixPHM,0,0,0,0,0,0,0,0,0
mixRasch,0,0,0,0,0,0,0,0,0
mixreg,0,0,0,0,0,0,0,0,0
MixSim,0,0,0,0,0,0,0,0,0
mixsmsn,0,0,0,0,0,0,0,0,0
mixstock,0,0,0,0,0,0,0,0,0
mixtools,1,0,0,57,1,0,0,57,1
mkin,1,1,0,380,43,1,0,380,43
MKLE,0,0,0,0,0,0,0,0,0
MKmisc,0,0,0,0,0,0,0,0,0
mlbench,2,1,1,823,113,0.5,0.5,411.5,56.5
MLCM,0,0,0,0,0,0,0,0,0
MLDA,0,0,0,0,0,0,0,0,0
MLDS,0,0,0,0,0,0,0,0,0
MLEcens,0,0,0,0,0,0,0,0,0
mlegp,0,0,0,0,0,0,0,0,0
mlmmm,0,0,0,0,0,0,0,0,0
mlmRev,0,0,0,0,0,0,0,0,0
mlogit,15,15,10,4359,1488,1,1,194,11.0
mlogitBMA,0,0,0,0,0,0,0,0,0
mmap,4,16,4,1165,1931,4.5,0.5,287.0,276.0
mmcm,0,0,0,0,0,0,0,0,0
MMG,0,0,0,0,0,0,0,0,0
MMIX,0,0,0,0,0,0,0,0,0
MMST,1,1,1,146,33,1,1,146,33
MNM,0,0,0,0,0,0,0,0,0
mnormt,3,5,3,1296,143,1,1,299,36
MNP,3,13,5,948,18310,4,2,141,456
moc,0,0,0,0,0,0,0,0,0
MOCCA,0,0,0,0,0,0,0,0,0
modeest,1,-1,1,87,89,-1,1,87,89
modehunt,0,0,0,0,0,0,0,0,0
ModelGood,0,0,0,0,0,0,0,0,0
ModelMap,0,0,0,0,0,0,0,0,0
modeltools,0,0,0,0,0,0,0,0,0
modTempEff,0,0,0,0,0,0,0,0,0
moduleColor,0,0,0,0,0,0,0,0,0
mokken,1,0,1,21,1,0,1,21,1
mombf,0,0,0,0,0,0,0,0,0
moments,11,14,14,2345,6292,1,1,128,16
mondate,0,0,0,0,0,0,0,0,0
monmlp,0,0,0,0,0,0,0,0,0
monomvn,0,0,0,0,0,0,0,0,0
monoProc,0,0,0,0,0,0,0,0,0
monreg,0,0,0,0,0,0,0,0,0
moonsun,1,1,0,126,9,1,0,126,9
MortalitySmooth,0,0,0,0,0,0,0,0,0
MplusAutomation,0,0,0,0,0,0,0,0,0
mpm,0,0,0,0,0,0,0,0,0
mprobit,0,0,0,0,0,0,0,0,0
mpt,0,0,0,0,0,0,0,0,0
MPV,0,0,0,0,0,0,0,0,0
mra,0,0,0,0,0,0,0,0,0
mratios,0,0,0,0,0,0,0,0,0
mrdrc,0,0,0,0,0,0,0,0,0
mritc,0,0,0,0,0,0,0,0,0
mrt,0,0,0,0,0,0,0,0,0
msBreast,0,0,0,0,0,0,0,0,0
MSBVAR,0,0,0,0,0,0,0,0,0
msDilution,0,0,0,0,0,0,0,0,0
mseq,0,0,0,0,0,0,0,0,0
msm,4,1,4,306,168,0.0,1.0,77.0,42.0
mspath,0,0,0,0,0,0,0,0,0
msProcess,1,0,1,89,47,0,1,89,47
msProstate,0,0,0,0,0,0,0,0,0
mstate,0,0,0,0,0,0,0,0,0
MSToolkit,0,0,0,0,0,0,0,0,0
mtsc,0,0,0,0,0,0,0,0,0
MTSKNN,0,0,0,0,0,0,0,0,0
mugnet,0,0,0,0,0,0,0,0,0
muhaz,0,0,0,0,0,0,0,0,0
multcomp,7,11,6,5331,1147,1,1,302,127
MultEq,0,0,0,0,0,0,0,0,0
multic,0,0,0,0,0,0,0,0,0
Multiclasstesting,0,0,0,0,0,0,0,0,0
multicore,30,119,48,10321,43737,2.0,1.0,144.0,394.0
multilevel,11,79,18,15704,38943,1,1,315,424
multinomRob,0,0,0,0,0,0,0,0,0
multipol,0,0,0,0,0,0,0,0,0
multisensi,0,0,0,0,0,0,0,0,0
multitaper,0,0,0,0,0,0,0,0,0
multmod,0,0,0,0,0,0,0,0,0
multtest,4,3,4,1344,80,1.0,1.0,141.0,22.0
MuMIn,2,10,2,379,159,5.0,1.0,189.5,79.5
munfold,0,0,0,0,0,0,0,0,0
munsell,1,3,2,224,2778,3,2,224,2778
muRL,1,2,1,289,16,2,1,289,16
muS2RC,0,0,0,0,0,0,0,0,0
muscor,0,0,0,0,0,0,0,0,0
mutatr,0,0,0,0,0,0,0,0,0
mutoss,0,0,0,0,0,0,0,0,0
mutossGUI,0,0,0,0,0,0,0,0,0
muUtil,0,0,0,0,0,0,0,0,0
mvabund,0,0,0,0,0,0,0,0,0
mvbutils,3,23,4,1057,11433,2,1,433,1759
mvgraph,0,0,0,0,0,0,0,0,0
mvna,0,0,0,0,0,0,0,0,0
mvngGrAd,0,0,0,0,0,0,0,0,0
mvnmle,0,0,0,0,0,0,0,0,0
mvnormtest,1,0,1,496,117,0,1,496,117
mvoutlier,2,1,2,360,73,0.5,1.0,180.0,36.5
mvpart,1,0,1,34,1,0,1,34,1
MVpower,0,0,0,0,0,0,0,0,0
mvsf,0,0,0,0,0,0,0,0,0
mvShapiroTest,0,0,0,0,0,0,0,0,0
mvtBinaryEP,0,0,0,0,0,0,0,0,0
mvtnorm,4,9,5,1810,2444,2.5,1.0,423.0,54.5
mvtnormpcs,0,0,0,0,0,0,0,0,0
nacopula,0,0,0,0,0,0,0,0,0
NADA,2,5,2,861,24391,2.5,1.0,430.5,12195.5
nanop,0,0,0,0,0,0,0,0,0
nbpMatching,0,0,0,0,0,0,0,0,0
NCBI2R,0,0,0,0,0,0,0,0,0
ncdf,7,9,11,1961,1090,1,1,135,29
ncdf4,1,0,1,59,334,0,1,59,334
ncf,0,0,0,0,0,0,0,0,0
ncomplete,0,0,0,0,0,0,0,0,0
ncvreg,0,0,0,0,0,0,0,0,0
NeatMap,0,0,0,0,0,0,0,0,0
negenes,0,0,0,0,0,0,0,0,0
neldermead,0,0,0,0,0,0,0,0,0
NestedCohort,0,0,0,0,0,0,0,0,0
NetCluster,0,0,0,0,0,0,0,0,0
NetData,0,0,0,0,0,0,0,0,0
NetIndices,0,0,0,0,0,0,0,0,0
network,30,99,35,15616,57972,0.0,1.0,38.0,104.0
networksis,0,0,0,0,0,0,0,0,0
neuralnet,13,16,15,7941,2604,1,1,173,31
nFactors,1,0,1,66,755,0,1,66,755
nFDR,0,0,0,0,0,0,0,0,0
nga,0,0,0,0,0,0,0,0,0
nice,30,303,48,24557,57524,1.0,1.0,74.5,335.0
NISTnls,0,0,0,0,0,0,0,0,0
nlADG,0,0,0,0,0,0,0,0,0
nleqslv,1,0,1,127,1143,0,1,127,1143
nlme,30,44,27,10576,16730,1.0,1.0,119.5,87.5
nlmeODE,0,0,0,0,0,0,0,0,0
nlreg,0,0,0,0,0,0,0,0,0
nlrwr,0,0,0,0,0,0,0,0,0
nls2,3,3,3,491,10858,1,1,90,539
nlstools,1,0,2,60,68,0,2,60,68
nlt,1,7,1,315,168,7,1,315,168
nltm,0,0,0,0,0,0,0,0,0
NMF,2,3,1,882,63,1.5,0.5,441.0,31.5
NMFN,0,0,0,0,0,0,0,0,0
NMMAPSlite,0,0,0,0,0,0,0,0,0
NMRS,0,0,0,0,0,0,0,0,0
nnc,0,0,0,0,0,0,0,0,0
nnclust,0,0,0,0,0,0,0,0,0
nnDiag,0,0,0,0,0,0,0,0,0
nnet,25,36,23,11286,11958,1,1,268,49
nnls,3,6,3,1145,642,2,1,268,207
nodeHarvest,0,0,0,0,0,0,0,0,0
noia,0,0,0,0,0,0,0,0,0
nonbinROC,0,0,0,0,0,0,0,0,0
nonparaeff,0,0,0,0,0,0,0,0,0
nonrandom,0,0,0,0,0,0,0,0,0
nor1mix,0,0,0,0,0,0,0,0,0
norm,12,27,25,14245,36433,2.0,2.0,352.0,208.0
normalp,0,0,0,0,0,0,0,0,0
NORMT3,0,0,0,0,0,0,0,0,0
normwhn.test,0,0,0,0,0,0,0,0,0
nortest,2,4,6,2252,22489,2.0,3.0,1126.0,11244.5
noverlap,0,0,0,0,0,0,0,0,0
np,27,53,34,10136,40945,1,1,189,113
nparcomp,0,0,0,0,0,0,0,0,0
nparLD,0,0,0,0,0,0,0,0,0
nplplot,0,0,0,0,0,0,0,0,0
npmc,0,0,0,0,0,0,0,0,0
npmlreg,0,0,0,0,0,0,0,0,0
nppbib,0,0,0,0,0,0,0,0,0
npRmpi,0,0,0,0,0,0,0,0,0
NRAIA,0,0,0,0,0,0,0,0,0
nsRFA,0,0,0,0,0,0,0,0,0
numDeriv,0,0,0,0,0,0,0,0,0
nutshell,4,6,7,954,1363,1.0,2.0,257.5,328.5
nws,0,0,0,0,0,0,0,0,0
OAIHarvester,0,0,0,0,0,0,0,0,0
Oarray,0,0,0,0,0,0,0,0,0
oblique.tree,0,0,0,0,0,0,0,0,0
obsSens,0,0,0,0,0,0,0,0,0
oc,6,28,7,1749,5788,3.5,1.0,201.0,56.0
oce,1,0,1,48,586,0,1,48,586
odesolve,0,0,0,0,0,0,0,0,0
odfWeave,9,20,14,6378,25338,2,1,171,1137
odfWeave.survey,0,0,0,0,0,0,0,0,0
ofp,0,0,0,0,0,0,0,0,0
OjaNP,0,0,0,0,0,0,0,0,0
OligoSpecificitySystem,0,0,0,0,0,0,0,0,0
omd,0,0,0,0,0,0,0,0,0
Oncotree,0,0,0,0,0,0,0,0,0
onemap,0,0,0,0,0,0,0,0,0
onion,4,2,10,541,700,0.5,2.5,90.5,26.0
OPE,0,0,0,0,0,0,0,0,0
openintro,0,0,0,0,0,0,0,0,0
openNLP,4,3,6,621,35337,0.0,1.5,150.0,9528.0
openNLPmodels.en,0,0,0,0,0,0,0,0,0
openNLPmodels.es,0,0,0,0,0,0,0,0,0
operator.tools,0,0,0,0,0,0,0,0,0
operators,30,150,64,20071,97920,3.0,2.0,144.5,1042.0
optBiomarker,0,0,0,0,0,0,0,0,0
optimbase,0,0,0,0,0,0,0,0,0
optimsimplex,0,0,0,0,0,0,0,0,0
optimx,4,7,2,1250,2471,1.5,0.5,369.5,30.5
optmatch,1,5,2,288,17585,5,2,288,17585
optparse,6,10,11,1405,17168,1.0,2.0,206.0,539.0
optpart,0,0,0,0,0,0,0,0,0
orderbook,0,0,0,0,0,0,0,0,0
OrdFacReg,0,0,0,0,0,0,0,0,0
ordinal,20,21,27,8091,12783,1.0,1.0,160.0,45.0
OrdMonReg,0,0,0,0,0,0,0,0,0
ORIClust,0,0,0,0,0,0,0,0,0
orientlib,0,0,0,0,0,0,0,0,0
orloca.es,0,0,0,0,0,0,0,0,0
orloca,0,0,0,0,0,0,0,0,0
ORMDR,0,0,0,0,0,0,0,0,0
oro.dicom,0,0,0,0,0,0,0,0,0
oro.nifti,0,0,0,0,0,0,0,0,0
orth,0,0,0,0,0,0,0,0,0
orthogonalsplinebasis,0,0,0,0,0,0,0,0,0
orthopolynom,1,1,1,36,75,1,1,36,75
ouch,1,5,1,358,1489,5,1,358,1489
outliers,30,53,45,27165,16846,1.0,1.0,79.0,95.5
oz,1,2,1,47,30,2,1,47,30
p3state.msm,0,0,0,0,0,0,0,0,0
pack,19,29,26,6912,23005,1,1,261,518
packClassic,0,0,0,0,0,0,0,0,0
packdep,0,0,0,0,0,0,0,0,0
packS4,0,0,0,0,0,0,0,0,0
PairViz,0,0,0,0,0,0,0,0,0
pairwiseCI,0,0,0,0,0,0,0,0,0
paleoMAS,0,0,0,0,0,0,0,0,0
paleoTS,1,0,1,72,6,0,1,72,6
paltran,0,0,0,0,0,0,0,0,0
pamctdp,0,0,0,0,0,0,0,0,0
pamm,0,0,0,0,0,0,0,0,0
pamr,0,0,0,0,0,0,0,0,0
pan,5,34,13,6761,3050,3,2,1451,192
panel,30,28,35,2961,6230,1.0,1.0,44.5,23
papply,1,13,4,1205,11473,13,4,1205,11473
paran,0,0,0,0,0,0,0,0,0
pARccs,0,0,0,0,0,0,0,0,0
parcor,0,0,0,0,0,0,0,0,0
parser,29,77,37,11084,81085,1,1,258,547
partDSA,0,0,0,0,0,0,0,0,0
partitionMetric,0,0,0,0,0,0,0,0,0
partitions,8,10,11,859,18437,1.0,1.5,80.5,316.0
party,30,62,58,25403,89165,1.0,1.0,262.5,347.5
parviol,0,0,0,0,0,0,0,0,0
pastecs,0,0,0,0,0,0,0,0,0
PASWR,0,0,0,0,0,0,0,0,0
pathmox,0,0,0,0,0,0,0,0,0
pbatR,0,0,0,0,0,0,0,0,0
PBSadmb,0,0,0,0,0,0,0,0,0
PBSddesolve,0,0,0,0,0,0,0,0,0
PBSmapping,3,4,5,1073,1807,1,2,163,902
PBSmodelling,1,27,5,1657,9086,27,5,1657,9086
pcalg,0,0,0,0,0,0,0,0,0
pcaPP,0,0,0,0,0,0,0,0,0
PCIT,0,0,0,0,0,0,0,0,0
PCS,5,5,6,1320,1623,1,2,271,133
pcse,3,1,3,1039,1537,0,1,244,6
pcurve,0,0,0,0,0,0,0,0,0
Peaks,25,20,33,9332,22670,0,1,183,133
pear,12,25,26,3979,5671,1.5,2.0,168.0,91.5
PearsonDS,2,2,1,285,57,1.0,0.5,142.5,28.5
PearsonICA,0,0,0,0,0,0,0,0,0
pec,0,0,0,0,0,0,0,0,0
pedantics,0,0,0,0,0,0,0,0,0
pedigree,5,3,7,1771,13108,0,1,440,133
pedigreemm,0,0,0,0,0,0,0,0,0
pegas,0,0,0,0,0,0,0,0,0
penalized,3,-1,2,233,163,1,1,54,55
penalizedSVM,2,-2,2,122,392,-1.0,1.0,61.0,196.0
pendensity,0,0,0,0,0,0,0,0,0
peperr,0,0,0,0,0,0,0,0,0
PerformanceAnalytics,19,28,26,7706,23464,1,1,178,362
perm,3,7,6,970,4332,2,1,293,1608
permax,0,0,0,0,0,0,0,0,0
permtest,0,0,0,0,0,0,0,0,0
PermuteNGS,0,0,0,0,0,0,0,0,0
perturb,0,0,0,0,0,0,0,0,0
PET,3,9,3,1372,348,3,1,259,19
pga,0,0,0,0,0,0,0,0,0
pgam,0,0,0,0,0,0,0,0,0
pgfSweave,10,22,12,7071,20582,1.5,1.0,338.5,872.0
pgirmess,1,3,3,9952,2301,3,3,9952,2301
pglm,0,0,0,0,0,0,0,0,0
pGLS,0,0,0,0,0,0,0,0,0
pgs,1,0,0,88,177,0,0,88,177
phangorn,1,0,0,101,52,0,0,101,52
pheno,2,4,2,1263,59,2.0,1.0,631.5,29.5
phitest,0,0,0,0,0,0,0,0,0
phmm,2,3,2,529,98,1.5,1.0,264.5,49.0
phpSerialize,0,0,0,0,0,0,0,0,0
phull,0,0,0,0,0,0,0,0,0
PhViD,0,0,0,0,0,0,0,0,0
phybase,0,0,0,0,0,0,0,0,0
phyclust,1,2,0,198,30,2,0,198,30
phylobase,0,0,0,0,0,0,0,0,0
phyloclim,0,0,0,0,0,0,0,0,0
PHYLOGR,0,0,0,0,0,0,0,0,0
picante,0,0,0,0,0,0,0,0,0
pixmap,8,14,10,2898,2848,1.0,1.0,227.0,25.0
PK,8,4,5,1288,5436,0.5,0.5,64.0,515.0
PKfit,0,0,0,0,0,0,0,0,0
PKgraph,0,0,0,0,0,0,0,0,0
PKmodelFinder,0,0,0,0,0,0,0,0,0
PKtools,0,0,0,0,0,0,0,0,0
plan,30,71,52,5327,55412,1.0,1.0,67.5,323.5
playwith,1,5,2,970,1245,5,2,970,1245
plgp,0,0,0,0,0,0,0,0,0
plink,7,6,9,1220,441,0,1,158,47
PLIS,0,0,0,0,0,0,0,0,0
plm,30,43,34,10805,16237,1.0,1.0,209.0,91.0
plotpc,0,0,0,0,0,0,0,0,0
plotrix,29,70,36,20058,50394,2,1,329,407
plotSEMM,0,0,0,0,0,0,0,0,0
plRasch,0,0,0,0,0,0,0,0,0
pls,22,27,28,12659,11445,1.0,1.0,307.5,44.0
plsdof,0,0,0,0,0,0,0,0,0
plsgenomics,0,0,0,0,0,0,0,0,0
plspm,0,0,0,0,0,0,0,0,0
plugdensity,0,0,0,0,0,0,0,0,0
plus,30,36,40,16467,22007,1.0,1.0,64.5,26.5
plyr,30,52,51,5274,29452,1.0,1.5,60.0,146.0
PMA,0,0,0,0,0,0,0,0,0
pmg,0,0,0,0,0,0,0,0,0
pmlr,0,0,0,0,0,0,0,0,0
pmml,7,29,7,3124,5435,2,0,296,882
png,30,55,29,20254,14813,1.0,1.0,77.5,67.5
poilog,0,0,0,0,0,0,0,0,0
poistweedie,0,0,0,0,0,0,0,0,0
poLCA,0,0,0,0,0,0,0,0,0
polspline,0,0,0,0,0,0,0,0,0
polyapost,0,0,0,0,0,0,0,0,0
polycor,0,0,0,0,0,0,0,0,0
polydect,0,0,0,0,0,0,0,0,0
polynom,1,0,1,30,1,0,1,30,1
PolynomF,1,0,0,38,78,0,0,38,78
polysat,0,0,0,0,0,0,0,0,0
polySegratio,0,0,0,0,0,0,0,0,0
polySegratioMM,0,0,0,0,0,0,0,0,0
Pomic,0,0,0,0,0,0,0,0,0
pomp,1,1,1,308,1413,1,1,308,1413
pooh,0,0,0,0,0,0,0,0,0
popbio,1,0,2,105,31,0,2,105,31
popPK,0,0,0,0,0,0,0,0,0
portfolio,30,31,31,8032,5411,1.0,1.0,162.0,30.5
portfolioSim,0,0,0,0,0,0,0,0,0
POT,1,2,1,250,170,2,1,250,170
potts,0,0,0,0,0,0,0,0,0
powell,0,0,0,0,0,0,0,0,0
powerGWASinteraction,0,0,0,0,0,0,0,0,0
powerMediation,0,0,0,0,0,0,0,0,0
powerSurvEpi,0,0,0,0,0,0,0,0,0
PowerTOST,0,0,0,0,0,0,0,0,0
ppls,0,0,0,0,0,0,0,0,0
ppMeasures,0,0,0,0,0,0,0,0,0
pps,0,0,0,0,0,0,0,0,0
prabclus,0,0,0,0,0,0,0,0,0
predbayescor,0,0,0,0,0,0,0,0,0
PredictiveRegression,0,0,0,0,0,0,0,0,0
predmixcor,0,0,0,0,0,0,0,0,0
prefmod,0,0,0,0,0,0,0,0,0
PresenceAbsence,0,0,0,0,0,0,0,0,0
prettyR,2,3,2,273,2853,1.5,1.0,136.5,1426.5
prim,1,1,2,58,6,1,2,58,6
primer,6,8,8,1219,711,1.0,1.0,239.5,133.0
princurve,0,0,0,0,0,0,0,0,0
prob,30,34,36,4940,37054,1.0,1.0,77.0,149
ProbForecastGOP,0,0,0,0,0,0,0,0,0
pROC,30,30,39,8453,8268,1.0,1.0,230.0,22
ProDenICA,0,0,0,0,0,0,0,0,0
prodlim,0,0,0,0,0,0,0,0,0
profdpm,0,0,0,0,0,0,0,0,0
ProfessR,0,0,0,0,0,0,0,0,0
profileModel,0,0,0,0,0,0,0,0,0
profr,5,16,6,1228,30242,1,1,254,306
proftools,2,4,4,938,339,2.0,2.0,469.0,169.5
proj4,4,10,6,3794,81715,2.5,1.5,424.5,14548.0
ProjectTemplate,4,24,4,1323,18485,4.5,1.0,394.0,414.0
PropCIs,0,0,0,0,0,0,0,0,0
proptest,0,0,0,0,0,0,0,0,0
proto,23,106,34,14563,96359,3,1,285,1116
proxy,30,50,29,18707,52129,1.0,1.0,222.0,84.5
PSAgraphics,0,0,0,0,0,0,0,0,0
pscl,4,4,6,1320,705,1.0,1.5,302.5,17.0
pseudo,18,25,28,4848,11248,1.5,1.0,79.0,148.5
psgp,0,0,0,0,0,0,0,0,0
PSM,0,0,0,0,0,0,0,0,0
pspearman,0,0,0,0,0,0,0,0,0
pspline,1,1,1,41,55,1,1,41,55
psy,1,4,1,305,16216,4,1,305,16216
psych,15,45,20,9927,63744,1,1,228,1860
psychometric,3,3,6,506,2065,1,2,161,971
psychotree,0,0,0,0,0,0,0,0,0
psyphy,0,0,0,0,0,0,0,0,0
PTAk,0,0,0,0,0,0,0,0,0
ptinpoly,0,0,0,0,0,0,0,0,0
PtProcess,0,0,0,0,0,0,0,0,0
ptw,2,3,4,338,200,1.5,2.0,169.0,100.0
pvclass,0,0,0,0,0,0,0,0,0
pvclust,5,10,5,1602,3483,1,1,372,251
pwr,5,5,8,5164,396,1,2,336,31
PwrGSD,0,0,0,0,0,0,0,0,0
pwt,0,0,0,0,0,0,0,0,0
pyramid,6,43,11,4204,14535,8.5,1.5,615.0,536.0
qAnalyst,0,0,0,0,0,0,0,0,0
QCA,1,0,0,18,8,0,0,18,8
QCA3,0,0,0,0,0,0,0,0,0
QCAGUI,0,0,0,0,0,0,0,0,0
qcc,3,0,2,895,368,0,1,202,1
qlspack,0,0,0,0,0,0,0,0,0
qp,1,6,2,1511,412,6,2,1511,412
qpcR,0,0,0,0,0,0,0,0,0
QRMlib,2,3,2,752,387,1.5,1.0,376.0,193.5
qrnn,0,0,0,0,0,0,0,0,0
QT,9,15,13,1825,26313,1,1,153,1901
qtl,1,1,1,31,45,1,1,31,45
qtlbim,0,0,0,0,0,0,0,0,0
qtlbook,0,0,0,0,0,0,0,0,0
QTLNetworkR,0,0,0,0,0,0,0,0,0
QuACN,0,0,0,0,0,0,0,0,0
quadprog,6,7,8,2667,3695,1.5,1.0,394.0,227.5
qualityTools,0,0,0,0,0,0,0,0,0
qualV,0,0,0,0,0,0,0,0,0
quantchem,0,0,0,0,0,0,0,0,0
quantmod,30,39,42,2582,14819,1.0,1.0,66.5,37
QuantPsyc,0,0,0,0,0,0,0,0,0
quantreg,10,11,12,4427,8604,0.0,1.0,123.0,1
quantregForest,0,0,0,0,0,0,0,0,0
quaternions,0,0,0,0,0,0,0,0,0
qvalue,1,1,1,253,199,1,1,253,199
qvcalc,0,0,0,0,0,0,0,0,0
R.cache,5,34,10,1922,10896,2,2,117,350
R.filesets,0,0,0,0,0,0,0,0,0
R.huge,0,0,0,0,0,0,0,0,0
R,30,83,23,4519,32051,1.0,1.0,22.0,22.5
R.matlab,6,8,8,4139,2747,0.0,1.5,310.5,369.5
R.methodsS3,2,2,2,341,4838,1.0,1.0,170.5,2419.0
R.oo,10,47,15,3259,53296,1.5,1.5,170.5,2984.0
R.rsp,4,24,8,4500,13903,2.5,1.0,354.0,2046.5
R.utils,4,26,5,1083,12351,3.0,1.0,204.0,1562.0
R2Cuba,0,0,0,0,0,0,0,0,0
r2dRue,0,0,0,0,0,0,0,0,0
R2HTML,6,25,9,1926,2778,2.0,1.0,290.5,143.5
R2jags,0,0,0,0,0,0,0,0,0
r2lh,0,0,0,0,0,0,0,0,0
R2PPT,2,5,8,1552,2366,2.5,4.0,776.0,1183.0
R2wd,7,18,14,2629,6096,2,2,265,173
R2WinBUGS,11,16,11,3042,17839,1,1,188,393.5
R4dfp,0,0,0,0,0,0,0,0,0
r4ss,0,0,0,0,0,0,0,0,0
race,25,60,36,6958,55229,1,1,200,495
rainbow,7,10,10,5459,16832,1,1,288,3443
rake,1,3,1,91,163,3,1,91,163
ramps,2,3,2,702,8560,1.5,1.0,351.0,4280.0
randaes,0,0,0,0,0,0,0,0,0
RandForestGUI,1,2,2,896,11,2,2,896,11
random,30,22,36,5696,2871,0.0,1.0,46.0,38.5
random.polychor.pa,0,0,0,0,0,0,0,0,0
RandomFields,1,0,0,101,43,0,0,101,43
randomForest,30,29,38,10781,19856,0.5,1.0,204.5,25.0
randomLCA,0,0,0,0,0,0,0,0,0
randomSurvivalForest,0,0,0,0,0,0,0,0,0
randtoolbox,0,0,0,0,0,0,0,0,0
RandVar,0,0,0,0,0,0,0,0,0
rangeMapper,0,0,0,0,0,0,0,0,0
RankAggreg,0,0,0,0,0,0,0,0,0
rankhazard,0,0,0,0,0,0,0,0,0
RANN,2,1,3,289,26,0.5,1.5,144.5,13.0
RArcInfo,0,0,0,0,0,0,0,0,0
RaschSampler,0,0,0,0,0,0,0,0,0
Rassoc,0,0,0,0,0,0,0,0,0
raster,30,30,43,2526,26039,1.0,1.0,59.5,36
rateratio.test,0,0,0,0,0,0,0,0,0
Ratings,27,61,54,40248,32359,1,2,136,331.0
rattle,13,29,17,5503,23027,1,1,297,142.0
rAverage,0,0,0,0,0,0,0,0,0
rbenchmark,3,7,5,529,19331,2,2,166,2778
RBerkeley,0,0,0,0,0,0,0,0,0
RBGL,1,0,1,347,51,0,1,347,51
rbind,30,98,62,8842,41116,1.5,2.0,63.5,176.0
RBloomberg,8,1,14,5489,8290,0.0,2.0,688.5,1298.0
rbounds,0,0,0,0,0,0,0,0,0
rbugs,0,0,0,0,0,0,0,0,0
RC,13,29,20,8691,8319,1,1,268,77
Rcapture,0,0,0,0,0,0,0,0,0
rcdd,0,0,0,0,0,0,0,0,0
rcdk,0,0,0,0,0,0,0,0,0
rcdklibs,0,0,0,0,0,0,0,0,0
Rcgmin,1,-1,1,483,43,-1,1,483,43
Rcmdr,8,46,23,24634,9155,1.5,1.0,151.0,394.5
RcmdrPlugin.DoE,1,0,2,89,92,0,2,89,92
RcmdrPlugin.doex,0,0,0,0,0,0,0,0,0
RcmdrPlugin.epack,0,0,0,0,0,0,0,0,0
RcmdrPlugin.Export,0,0,0,0,0,0,0,0,0
RcmdrPlugin.FactoMineR,1,0,0,70,11,0,0,70,11
RcmdrPlugin.HH,0,0,0,0,0,0,0,0,0
RcmdrPlugin.IPSUR,0,0,0,0,0,0,0,0,0
RcmdrPlugin.MAc,0,0,0,0,0,0,0,0,0
RcmdrPlugin.MAd,0,0,0,0,0,0,0,0,0
RcmdrPlugin.orloca,0,0,0,0,0,0,0,0,0
RcmdrPlugin.PT,0,0,0,0,0,0,0,0,0
RcmdrPlugin.qcc,0,0,0,0,0,0,0,0,0
RcmdrPlugin.qual,0,0,0,0,0,0,0,0,0
RcmdrPlugin.SensoMineR,0,0,0,0,0,0,0,0,0
RcmdrPlugin.SLC,0,0,0,0,0,0,0,0,0
RcmdrPlugin.sos,0,0,0,0,0,0,0,0,0
RcmdrPlugin.steepness,0,0,0,0,0,0,0,0,0
RcmdrPlugin.survival,0,0,0,0,0,0,0,0,0
RcmdrPlugin.SurvivalT,0,0,0,0,0,0,0,0,0
RcmdrPlugin.TeachingDemos,0,0,0,0,0,0,0,0,0
RcmdrPlugin.TextMining,0,0,0,0,0,0,0,0,0
RColorBrewer,10,43,16,9087,28834,3.5,1.5,587.5,1028.0
rcom,6,15,9,1201,12767,2.0,1.0,142.5,623.0
rconifers,0,0,0,0,0,0,0,0,0
Rcplex,0,0,0,0,0,0,0,0,0
Rcpp,30,67,48,8921,31209,1.0,1.0,84.0,314.0
RcppArmadillo,16,40,23,3300,14131,3.0,1.0,202.0,148.0
RcppExamples,2,9,4,475,17631,4.5,2.0,237.5,8815.5
Rcsdp,0,0,0,0,0,0,0,0,0
RCurl,30,56,35,7531,51754,1.0,1.0,88.0,381.0
rda,10,28,13,5195,15713,3.0,1.0,288.0,423
rdetools,0,0,0,0,0,0,0,0,0
RDieHarder,0,0,0,0,0,0,0,0,0
RDS,6,15,11,1103,4664,2.0,2.0,154.0,297.5
Rdsm,0,0,0,0,0,0,0,0,0
ReacTran,0,0,0,0,0,0,0,0,0
Read.isi,0,0,0,0,0,0,0,0,0
ReadImages,1,2,1,143,2333,2,1,143,2333
realized,30,65,53,6302,68652,1.0,2.0,74.5,140
recommenderlab,0,0,0,0,0,0,0,0,0
RecordLinkage,4,5,2,1121,5901,1.0,0.5,243.0,1674.0
REEMtree,0,0,0,0,0,0,0,0,0
ref,23,32,28,4822,20963,1,1,118,50
refund,0,0,0,0,0,0,0,0,0
registry,9,14,5,3601,46239,1,0,100,26
regress,22,22,31,7622,9405,1.0,1.0,138.0,93.5
regsubseq,0,0,0,0,0,0,0,0,0
regtest,0,0,0,0,0,0,0,0,0
rela,0,0,0,0,0,0,0,0,0
relaimpo,0,0,0,0,0,0,0,0,0
relations,6,8,9,1022,8148,1.0,2.0,150.5,591.5
RelativeRisk,0,0,0,0,0,0,0,0,0
relax,3,3,5,228,5773,1,1,73,2860
relaxo,0,0,0,0,0,0,0,0,0
reldist,0,0,0,0,0,0,0,0,0
Reliability,7,9,14,1753,5716,2,1,138,113
relimp,0,0,0,0,0,0,0,0,0
relsurv,0,0,0,0,0,0,0,0,0
remix,0,0,0,0,0,0,0,0,0
rEMM,1,2,2,85,165,2,2,85,165
remMap,0,0,0,0,0,0,0,0,0
Renext,0,0,0,0,0,0,0,0,0
repolr,0,0,0,0,0,0,0,0,0
reporttools,2,74,9,13201,32945,37.0,4.5,6600.5,16472.5
REQS,1,1,1,220,79,1,1,220,79
ResearchMethods,1,0,0,51,44,0,0,51,44
reshape,30,78,51,4992,26978,2.0,1.0,59.5,147.5
ResistorArray,0,0,0,0,0,0,0,0,0
reweight,1,1,0,52,6,1,0,52,6
RExcelInstaller,0,0,0,0,0,0,0,0,0
RFA,0,0,0,0,0,0,0,0,0
RFinanceYJ,0,0,0,0,0,0,0,0,0
RFLPtools,0,0,0,0,0,0,0,0,0
RFOC,0,0,0,0,0,0,0,0,0
RFreak,0,0,0,0,0,0,0,0,0
rgcvpack,0,0,0,0,0,0,0,0,0
rgdal,20,69,26,19019,42067,1.0,1.0,413.0,778.0
rgenoud,0,0,0,0,0,0,0,0,0
rggobi,7,9,8,2069,3922,1,1,178,196
rgl,30,81,51,10926,16445,2.0,1.0,169.0,162.5
Rglpk,0,0,0,0,0,0,0,0,0
RgoogleMaps,10,26,12,6112,20340,2.0,1.0,296.0,358.0
rgp,2,3,6,998,698,1.5,3.0,499.0,349.0
RGraphics,0,0,0,0,0,0,0,0,0
rgrs,0,0,0,0,0,0,0,0,0
RGtk2,17,42,19,5699,71888,1,1,107,350
RGtk2DfEdit,0,0,0,0,0,0,0,0,0
RGtk2Extras,0,0,0,0,0,0,0,0,0
RH2,2,1,0,253,779,0.5,0.0,126.5,389.5
Rhh,0,0,0,0,0,0,0,0,0
RHmm,0,0,0,0,0,0,0,0,0
rhosp,0,0,0,0,0,0,0,0,0
RHRV,0,0,0,0,0,0,0,0,0
richards,0,0,0,0,0,0,0,0,0
Rigroup,0,0,0,0,0,0,0,0,0
rimage,5,14,8,2098,2621,4,1,489,264
RImageJ,0,0,0,0,0,0,0,0,0
rindex,0,0,0,0,0,0,0,0,0
ringscale,0,0,0,0,0,0,0,0,0
RInside,30,37,44,8165,33802,0.5,1.0,206.0,766.0
rioja,0,0,0,0,0,0,0,0,0
ripa,0,0,0,0,0,0,0,0,0
ris,0,0,0,0,0,0,0,0,0
RItools,0,0,0,0,0,0,0,0,0
RJaCGH,0,0,0,0,0,0,0,0,0
rjags,5,14,6,1743,10135,2,1,191,1276
rJava,30,48,30,21429,13288,0.0,1.0,107.5,46.5
RJDBC,15,31,17,5897,12074,1,1,277,199
rjson,26,67,34,17008,47951,2.0,1.0,230.5,250.5
rJython,4,21,9,2195,26701,2.0,1.0,233.5,5211.0
RKEA,0,0,0,0,0,0,0,0,0
Rlab,1,0,1,88,1,0,1,88,1
Rlabkey,0,0,0,0,0,0,0,0,0
RLadyBug,0,0,0,0,0,0,0,0,0
RLastFM,1,0,1,116,2510,0,1,116,2510
rlecuyer,0,0,0,0,0,0,0,0,0
RLMM,0,0,0,0,0,0,0,0,0
RLRsim,0,0,0,0,0,0,0,0,0
RM2,1,0,3,53,84,0,3,53,84
RMC,0,0,0,0,0,0,0,0,0
rmeta,1,0,0,89,629,0,0,89,629
rmetasim,0,0,0,0,0,0,0,0,0
Rmpfr,4,4,5,318,7860,0.5,1.5,71.0,338.5
Rmpi,13,19,16,2979,40674,1,1,115,334
rms,14,23,18,6745,17491,1.0,1.0,130.0,619.0
RMTstat,0,0,0,0,0,0,0,0,0
RMySQL,30,40,43,19890,40147,0.0,1.0,122.5,193.0
RNCBI,0,0,0,0,0,0,0,0,0
RNCBIAxis2Libs,0,0,0,0,0,0,0,0,0
RNCBIEUtilsLibs,0,0,0,0,0,0,0,0,0
RNetCDF,5,11,6,1157,917,2,1,68,154
rngWELL,0,0,0,0,0,0,0,0,0
rngwell19937,0,0,0,0,0,0,0,0,0
Rniftilib,0,0,0,0,0,0,0,0,0
RobAStBase,0,0,0,0,0,0,0,0,0
robCompositions,0,0,0,0,0,0,0,0,0
robfilter,0,0,0,0,0,0,0,0,0
RobLox,0,0,0,0,0,0,0,0,0
RobLoxBioC,0,0,0,0,0,0,0,0,0
RobRex,0,0,0,0,0,0,0,0,0
robust,30,179,69,15394,93344,3.0,2.0,176.5,809.0
robustbase,2,1,2,149,435,0.5,1.0,74.5,217.5
robustX,0,0,0,0,0,0,0,0,0
rocc,0,0,0,0,0,0,0,0,0
ROCR,21,24,28,14326,11409,1,1,666,91
RODBC,30,53,45,16931,50724,1.0,1.0,107.5,423.5
RODM,0,0,0,0,0,0,0,0,0
rootSolve,1,1,1,237,8,1,1,237,8
ROptEst,0,0,0,0,0,0,0,0,0
ROptEstOld,0,0,0,0,0,0,0,0,0
ROptRegTS,0,0,0,0,0,0,0,0,0
ROracle,8,15,7,1520,18351,1.0,1.0,169.5,2448.5
ROracleUI,0,0,0,0,0,0,0,0,0
roxygen,30,498,38,17394,296269,4.0,1.0,152.5,3686.0
Rpad,1,1,1,225,1266,1,1,225,1266
rpanel,4,6,5,1915,15703,1.0,1.0,480.0,18.5
rpart,30,24,28,8696,13837,1.0,1.0,194.5,37.5
rpartOrdinal,0,0,0,0,0,0,0,0,0
RpgSQL,3,6,6,3200,2090,1,1,318,1045.0
RPMG,0,0,0,0,0,0,0,0,0
RPMM,0,0,0,0,0,0,0,0,0
rPorta,0,0,0,0,0,0,0,0,0
RPostgreSQL,23,37,27,8709,35067,1,1,189,542.0
RPPanalyzer,0,0,0,0,0,0,0,0,0
RProtoBuf,1,5,1,388,473,5,1,388,473
rpsychi,0,0,0,0,0,0,0,0,0
rpubchem,0,0,0,0,0,0,0,0,0
rpvm,0,0,0,0,0,0,0,0,0
RPyGeo,0,0,0,0,0,0,0,0,0
RQDA,3,0,4,195,547,0,1,54,195
rqmcmb2,0,0,0,0,0,0,0,0,0
RQuantLib,8,12,8,1575,9187,1.0,1.0,129.5,872.0
rrcov,0,0,0,0,0,0,0,0,0
rredis,0,0,0,0,0,0,0,0,0
rrp,1,5,2,4850,1436,5,2,4850,1436
rrules,0,0,0,0,0,0,0,0,0
rrv,0,0,0,0,0,0,0,0,0
Rsac,0,0,0,0,0,0,0,0,0
RSAGA,0,0,0,0,0,0,0,0,0
RScaLAPACK,3,7,2,468,542,0,1,70,104
rscproxy,1,0,1,43,157,0,1,43,157
RSearchYJ,0,0,0,0,0,0,0,0,0
rseedcalc,0,0,0,0,0,0,0,0,0
RSEIS,0,0,0,0,0,0,0,0,0
RSeqMeth,0,0,0,0,0,0,0,0,0
Rserve,30,24,21,6183,18740,0.0,0.5,125.5,75.0
Rsge,0,0,0,0,0,0,0,0,0
RSiena,0,0,0,0,0,0,0,0,0
RSiteSearch,0,0,0,0,0,0,0,0,0
rsm,3,1,1,452,2864,0,0,67,36
Rsolnp,2,4,2,504,179,2.0,1.0,252.0,89.5
rsprng,0,0,0,0,0,0,0,0,0
RSQLite.extfuns,0,0,0,0,0,0,0,0,0
RSQLite,23,52,30,9157,42667,1,1,224,1769
rstream,0,0,0,0,0,0,0,0,0
Rsundials,0,0,0,0,0,0,0,0,0
RSurvey,1,2,1,312,137,2,1,312,137
RSvgDevice,1,5,2,884,48,5,2,884,48
RSVGTipsDevice,1,2,1,345,1071,2,1,345,1071
Rsymphony,0,0,0,0,0,0,0,0,0
rSymPy,2,4,4,174,1356,2.0,2.0,87.0,678.0
RthroughExcelWorkbooksInstaller,0,0,0,0,0,0,0,0,0
rtiff,1,1,1,42,11,1,1,42,11
RTisean,0,0,0,0,0,0,0,0,0
rTOFsPRO,0,0,0,0,0,0,0,0,0
RTOMO,0,0,0,0,0,0,0,0,0
rtv,1,6,2,230,50,6,2,230,50
RUnit,8,40,13,3319,12926,1.5,2.0,198.0,1943.0
Runiversal,0,0,0,0,0,0,0,0,0
runjags,1,1,3,357,3521,1,3,357,3521
Runuran,0,0,0,0,0,0,0,0,0
Rvelslant,0,0,0,0,0,0,0,0,0
rvgtest,0,0,0,0,0,0,0,0,0
Rvmmin,1,-1,1,479,43,-1,1,479,43
Rwave,0,0,0,0,0,0,0,0,0
RWebMA,0,0,0,0,0,0,0,0,0
RWeka,10,18,14,3314,7998,1.0,1.0,334.0,223.0
RWinEdt,0,0,0,0,0,0,0,0,0
rwm,0,0,0,0,0,0,0,0,0
rWMBAT,0,0,0,0,0,0,0,0,0
rworldmap,6,6,8,1836,1861,1.0,1.0,293.5,16.0
rwt,0,0,0,0,0,0,0,0,0
RxCEcolInf,0,0,0,0,0,0,0,0,0
RXshrink,0,0,0,0,0,0,0,0,0
Ryacas,5,19,9,4350,8132,4,2,429,1254
s20x,0,0,0,0,0,0,0,0,0
sac,1,2,2,178,437,2,2,178,437
SAFD,0,0,0,0,0,0,0,0,0
safeBinaryRegression,0,0,0,0,0,0,0,0,0
sampfling,0,0,0,0,0,0,0,0,0
sampleSelection,1,1,0,129,79,1,0,129,79
samplesize,3,5,7,1076,1056,1,3,504,66
SampleSizeMeans,0,0,0,0,0,0,0,0,0
SampleSizeProportions,0,0,0,0,0,0,0,0,0
sampling,30,69,51,6578,38031,0.5,1.0,68.0,66.0
samplingbook,0,0,0,0,0,0,0,0,0
samr,1,2,1,89,448,2,1,89,448
sandwich,10,22,11,4269,15598,1.5,1.0,242.5,1941.5
sapa,0,0,0,0,0,0,0,0,0
SAPP,1,3,3,139,324,3,3,139,324
SASmixed,0,0,0,0,0,0,0,0,0
SASPECT,0,0,0,0,0,0,0,0,0
SASxport,1,0,0,40,62,0,0,40,62
saws,0,0,0,0,0,0,0,0,0
sBF,0,0,0,0,0,0,0,0,0
sbgcop,0,0,0,0,0,0,0,0,0
sca,0,0,0,0,0,0,0,0,0
scagnostics,0,0,0,0,0,0,0,0,0
scaleboot,0,0,0,0,0,0,0,0,0
scape,0,0,0,0,0,0,0,0,0
scapeMCMC,0,0,0,0,0,0,0,0,0
scaRabee,0,0,0,0,0,0,0,0,0
scatterplot3d,10,25,18,9131,6287,2.0,1.0,308.0,298.0
schoolmath,0,0,0,0,0,0,0,0,0
schwartz97,0,0,0,0,0,0,0,0,0
sciplot,3,3,3,594,591,1,1,83,154
SciViews,0,0,0,0,0,0,0,0,0
ScottKnott,0,0,0,0,0,0,0,0,0
scout,2,4,3,251,174,2.0,1.5,125.5,87.0
scrapeR,1,4,1,1110,28,4,1,1110,28
scrime,0,0,0,0,0,0,0,0,0
scuba,0,0,0,0,0,0,0,0,0
sculpt3d,0,0,0,0,0,0,0,0,0
sda,0,0,0,0,0,0,0,0,0
SDaA,0,0,0,0,0,0,0,0,0
sdcMicro,0,0,0,0,0,0,0,0,0
sdcTable,0,0,0,0,0,0,0,0,0
SDDA,0,0,0,0,0,0,0,0,0
sddpack,0,0,0,0,0,0,0,0,0
sde,4,5,4,952,16555,1.0,1.0,276.5,133.0
sdef,0,0,0,0,0,0,0,0,0
SDisc,0,0,0,0,0,0,0,0,0
SDMTools,2,2,5,289,42,1.0,2.5,144.5,21.0
sdtalt,0,0,0,0,0,0,0,0,0
sdtoolkit,0,0,0,0,0,0,0,0,0
seacarb,1,0,1,104,18,0,1,104,18
seas,2,0,1,400,27,0.0,0.5,200.0,13.5
season,30,46,44,8411,8400,1.0,1.0,123.5,137
secr,1,3,3,1178,122,3,3,1178,122
seewave,2,2,2,734,4756,1.0,1.0,367.0,2378.0
segclust,0,0,0,0,0,0,0,0,0
segmented,8,20,13,4407,2810,1.0,1.5,279.5,96.5
SEL,9,5,10,2041,43892,0,1,140,76
selectiongain,0,0,0,0,0,0,0,0,0
sem,16,48,29,6702,47126,2.0,1.0,214.5,424.0
SemiPar,0,0,0,0,0,0,0,0,0
SEMModComp,0,0,0,0,0,0,0,0,0
semPLS,0,0,0,0,0,0,0,0,0
sendmailR,7,34,12,3981,35837,3,1,276,3457
sendplot,1,2,1,41,92,2,1,41,92
sensitivity,14,17,19,4705,6682,1.0,1.5,109.5,28.5
sensitivityPStrat,0,0,0,0,0,0,0,0,0
SensoMineR,1,2,1,350,0,2,1,350,0
sensR,0,0,0,0,0,0,0,0,0
SenSrivastava,0,0,0,0,0,0,0,0,0
seqinr,2,11,8,1940,1111,5.5,4.0,970.0,555.5
SeqKnn,0,0,0,0,0,0,0,0,0
seqmon,0,0,0,0,0,0,0,0,0
seqRFLP,0,0,0,0,0,0,0,0,0
seriation,1,5,1,1366,778,5,1,1366,778
session,30,126,32,13874,67779,1.5,1.0,55.5,679
setRNG,1,12,1,185,29453,12,1,185,29453
sets,30,35,30,5209,5535,1.0,1.0,46.0,23.0
sfsmisc,1,2,1,89,897,2,1,89,897
SGCS,0,0,0,0,0,0,0,0,0
sgeostat,0,0,0,0,0,0,0,0,0
SGP,1,1,1,109,1014,1,1,109,1014
shape,30,39,33,9778,18713,1.0,1.0,90.5,97.0
shapefiles,26,45,31,9064,20689,1.5,1.0,178.0,97.0
shapes,30,115,48,21221,73994,2.0,1.0,270.0,187.5
SHARE,30,55,47,4700,32844,0.5,1.0,87.5,80.0
SHIP,4,11,8,1463,5046,2.0,1.5,400.5,1336.5
siar,0,0,0,0,0,0,0,0,0
sifds,0,0,0,0,0,0,0,0,0
sigclust,0,0,0,0,0,0,0,0,0
sigma2tools,0,0,0,0,0,0,0,0,0
signal,30,55,46,9689,18055,1.0,1.0,89.0,81.5
signalextraction,1,-2,1,115,76,-2,1,115,76
SigWinR,0,0,0,0,0,0,0,0,0
SII,0,0,0,0,0,0,0,0,0
simba,0,0,0,0,0,0,0,0,0
simco,0,0,0,0,0,0,0,0,0
SimComp,0,0,0,0,0,0,0,0,0
simctest,0,0,0,0,0,0,0,0,0
simecol,0,0,0,0,0,0,0,0,0
simex,0,0,0,0,0,0,0,0,0
simexaft,0,0,0,0,0,0,0,0,0
simFrame,0,0,0,0,0,0,0,0,0
similarityRichards,0,0,0,0,0,0,0,0,0
simone,0,0,0,0,0,0,0,0,0
simpleboot,0,0,0,0,0,0,0,0,0
SimpleTable,0,0,0,0,0,0,0,0,0
simPopulation,0,0,0,0,0,0,0,0,0
SIN,3,5,4,3826,498,4,1,906,139
SIS,0,0,0,0,0,0,0,0,0
sisus,0,0,0,0,0,0,0,0,0
SiZer,0,0,0,0,0,0,0,0,0
skellam,2,1,2,553,255,0.5,1.0,276.5,127.5
SkewHyperbolic,0,0,0,0,0,0,0,0,0
skewt,0,0,0,0,0,0,0,0,0
skmeans,0,0,0,0,0,0,0,0,0
slam,3,6,4,462,13616,2,1,139,2768
SLC,0,0,0,0,0,0,0,0,0
Sleuth2,1,2,1,161,176,2,1,161,176
SlimPLS,0,0,0,0,0,0,0,0,0
sm,10,25,10,3761,5637,0.5,1.0,114.0,105.5
smacof,0,0,0,0,0,0,0,0,0
smatr,1,2,2,775,509,2,2,775,509
SMC,0,0,0,0,0,0,0,0,0
SMCP,0,0,0,0,0,0,0,0,0
smd.and.more,0,0,0,0,0,0,0,0,0
SMIR,0,0,0,0,0,0,0,0,0
smoothSurv,0,0,0,0,0,0,0,0,0
smoothtail,0,0,0,0,0,0,0,0,0
SMPracticals,0,0,0,0,0,0,0,0,0
SMVar,0,0,0,0,0,0,0,0,0
sn,22,42,36,9304,16741,1.5,1.0,209.0,114.0
sna,12,21,16,3516,4529,1.5,1.0,197.0,116.5
snow,30,62,29,10537,20676,1.0,1.0,140.0,342.0
Snowball,0,0,0,0,0,0,0,0,0
snowfall,17,34,23,3955,38250,1,1,136,143
snowFT,0,0,0,0,0,0,0,0,0
snp.plotter,0,0,0,0,0,0,0,0,0
SNPassoc,0,0,0,0,0,0,0,0,0
SNPMaP.cdm,0,0,0,0,0,0,0,0,0
SNPMaP,0,0,0,0,0,0,0,0,0
SNPmaxsel,0,0,0,0,0,0,0,0,0
snpXpert,0,0,0,0,0,0,0,0,0
SOAR,0,0,0,0,0,0,0,0,0
SoDA,6,20,12,2073,4908,3.0,2.0,164.0,26.0
soil.spec,0,0,0,0,0,0,0,0,0
soiltexture,0,0,0,0,0,0,0,0,0
solaR,4,3,5,305,1492,1.0,1.0,70.5,372.0
som,10,15,15,7992,4364,1.0,1.5,185.0,48.5
someKfwer,0,0,0,0,0,0,0,0,0
someMTP,0,0,0,0,0,0,0,0,0
sos,2,12,2,503,4844,6.0,1.0,251.5,2422.0
sound,30,66,57,13241,34226,1.0,1.5,115.0,102.5
sp,30,55,35,7386,16196,0.0,1.0,73.5,14.0
spaa,0,0,0,0,0,0,0,0,0
space,30,51,23,1997,32009,0.0,1.0,43.5,38.5
SPACECAP,0,0,0,0,0,0,0,0,0
spam,15,252,37,21693,115985,1,1,163,467
sparcl,4,4,6,466,718,0.5,1.5,131.5,83.0
sparkTable,2,10,2,2310,3762,5.0,1.0,1155.0,1881.0
sparr,0,0,0,0,0,0,0,0,0
sparseLDA,0,0,0,0,0,0,0,0,0
SparseM,4,16,7,5370,3026,2.0,1.5,801.5,467.0
spatcounts,0,0,0,0,0,0,0,0,0
spatgraphs,0,0,0,0,0,0,0,0,0
spatial,30,15,30,3491,10121,0.0,1.0,72.5,44.0
spatialCovariance,0,0,0,0,0,0,0,0,0
SpatialEpi,0,0,0,0,0,0,0,0,0
SpatialExtremes,0,0,0,0,0,0,0,0,0
spatialkernel,0,0,0,0,0,0,0,0,0
SpatialNP,0,0,0,0,0,0,0,0,0
spatialsegregation,0,0,0,0,0,0,0,0,0
spatstat,14,26,19,4336,25819,0.5,1.5,151.5,177.0
spBayes,0,0,0,0,0,0,0,0,0
spc,1,1,1,98,961,1,1,98,961
spcosa,0,0,0,0,0,0,0,0,0
spdep,2,1,2,259,1459,0.5,1.0,129.5,729.5
spe,3,13,11,617,5097,5,3,122,320
SpectralGEM,0,0,0,0,0,0,0,0,0
spectralGP,0,0,0,0,0,0,0,0,0
speedglm,0,0,0,0,0,0,0,0,0
spef,0,0,0,0,0,0,0,0,0
speff2trial,0,0,0,0,0,0,0,0,0
spgrass6,0,0,0,0,0,0,0,0,0
spgwr,0,0,0,0,0,0,0,0,0
SpherWave,0,0,0,0,0,0,0,0,0
sphet,0,0,0,0,0,0,0,0,0
spikeslab,0,0,0,0,0,0,0,0,0
splancs,1,1,0,73,11,1,0,73,11
splinesurv,0,0,0,0,0,0,0,0,0
spls,0,0,0,0,0,0,0,0,0
splus2R,1,1,2,528,20,1,2,528,20
SPOT,30,59,33,5701,43417,1.0,1.0,128.5,128.0
sprint,3,8,8,2777,9824,2,2,154,730
spssDDI,0,0,0,0,0,0,0,0,0
spsurvey,0,0,0,0,0,0,0,0,0
spuRs,1,1,1,123,619,1,1,123,619
sqldf,30,36,44,6147,15424,1.0,1.0,116.5,125.0
SQLiteDF,0,0,0,0,0,0,0,0,0
SQLiteMap,0,0,0,0,0,0,0,0,0
SQN,0,0,0,0,0,0,0,0,0
SQUAREM,0,0,0,0,0,0,0,0,0
SRPM,0,0,0,0,0,0,0,0,0
ssanv,0,0,0,0,0,0,0,0,0
ssize.fdr,0,0,0,0,0,0,0,0,0
sspir,1,1,1,1633,6,1,1,1633,6
sspline,0,0,0,0,0,0,0,0,0
SSSR,0,0,0,0,0,0,0,0,0
st,30,57,42,9189,60463,1.0,1.0,108.0,133
stab,5,265,15,22896,28979,7,2,539,1435
stam,0,0,0,0,0,0,0,0,0
STAR,10,11,15,5748,15162,1.0,1.0,242.0,91.5
startupmsg,0,0,0,0,0,0,0,0,0
stashR,4,33,4,2191,26674,3.5,1.0,294.0,6309.0
StatDA,0,0,0,0,0,0,0,0,0
StatDataML,0,0,0,0,0,0,0,0,0
StatFingerprints,0,0,0,0,0,0,0,0,0
StatMatch,0,0,0,0,0,0,0,0,0
statmod,1,0,1,400,6,0,1,400,6
statnet,4,6,5,1821,1282,1.5,1.0,106.0,79.5
steepness,0,0,0,0,0,0,0,0,0
Stem,16,21,23,13029,4862,1.0,1.0,152.0,51.5
stepPlr,0,0,0,0,0,0,0,0,0
stepwise,21,32,22,16631,14245,1,1,179,65
stinepack,0,0,0,0,0,0,0,0,0
StMoSim,0,0,0,0,0,0,0,0,0
stochmod,0,0,0,0,0,0,0,0,0
stockPortfolio,0,0,0,0,0,0,0,0,0
stoichcalc,0,0,0,0,0,0,0,0,0
stratification,2,12,4,1478,455,6.0,2.0,739.0,227.5
stratigraph,0,0,0,0,0,0,0,0,0
stream.net,0,0,0,0,0,0,0,0,0
StreamMetabolism,0,0,0,0,0,0,0,0,0
stringkernels,0,0,0,0,0,0,0,0,0
stringr,30,45,70,5205,89310,1.0,2.0,107.0,619.5
strucchange,4,1,2,301,96,0.0,0.0,69.5,26.0
SubpathwayMiner,0,0,0,0,0,0,0,0,0
subplex,0,0,0,0,0,0,0,0,0
subselect,2,3,3,276,169,1.5,1.5,138.0,84.5
sudoku,0,0,0,0,0,0,0,0,0
sugaR,11,39,14,3808,31649,3,1,268,1116
superpc,0,0,0,0,0,0,0,0,0
SuppDists,1,2,2,861,16286,2,2,861,16286
surv2sample,0,0,0,0,0,0,0,0,0
survBayes,0,0,0,0,0,0,0,0,0
survcomp,0,0,0,0,0,0,0,0,0
surveillance,2,18,3,1387,11591,9.0,1.5,693.5,5795.5
survey,30,182,62,28495,66594,2.0,1.5,62.5,45
surveyNG,0,0,0,0,0,0,0,0,0
survival,30,40,30,3849,25621,0.5,1.0,73.5,70.5
survivalROC,0,0,0,0,0,0,0,0,0
survPresmooth,1,0,1,77,1,0,1,77,1
survrec,0,0,0,0,0,0,0,0,0
SV,4,20,9,4120,11817,2.0,2.0,645.0,2517.0
svcm,0,0,0,0,0,0,0,0,0
svcR,0,0,0,0,0,0,0,0,0
svDialogs,0,0,0,0,0,0,0,0,0
svGUI,0,0,0,0,0,0,0,0,0
svIDE,0,0,0,0,0,0,0,0,0
svMisc,0,0,0,0,0,0,0,0,0
svmpath,0,0,0,0,0,0,0,0,0
svSocket,1,0,0,18,1,0,0,18,1
svSweave,0,0,0,0,0,0,0,0,0
svTools,1,5,0,197,448,5,0,197,448
svUnit,4,65,7,3754,6824,16.0,1.5,895.5,1585.0
svWidgets,0,0,0,0,0,0,0,0,0
SweaveListingUtils,0,0,0,0,0,0,0,0,0
SwissAir,0,0,0,0,0,0,0,0,0
SWordInstaller,0,0,0,0,0,0,0,0,0
symbols,30,42,36,4350,20129,1.0,1.0,105.5,87
symmoments,0,0,0,0,0,0,0,0,0
synchronicity,0,0,0,0,0,0,0,0,0
SyNet,0,0,0,0,0,0,0,0,0
Synth,1,1,1,132,122,1,1,132,122
systemfit,0,0,0,0,0,0,0,0,0
TANOVA,0,0,0,0,0,0,0,0,0
taskPR,0,0,0,0,0,0,0,0,0
tau,30,32,33,8623,38994,1.0,1.0,219.5,75
tawny,0,0,0,0,0,0,0,0,0
tcltk2,3,4,2,3589,1996,1,1,99,278
tclust,0,0,0,0,0,0,0,0,0
tdm,9,14,8,3448,4059,2,1,218,20
tdthap,0,0,0,0,0,0,0,0,0
TeachingDemos,4,1,8,857,411,0.0,2.0,226.5,30.0
TeachingSampling,0,0,0,0,0,0,0,0,0
tensor,4,4,3,228,1020,0.5,1.0,58.5,225.0
tensorA,0,0,0,0,0,0,0,0,0
termstrc,2,3,2,599,1299,1.5,1.0,299.5,649.5
testthat,20,84,28,6549,69870,2.5,1.0,119.5,2030.0
textcat,1,0,1,53,1028,0,1,53,1028
tframe,0,0,0,0,0,0,0,0,0
tframePlus,0,0,0,0,0,0,0,0,0
tgp,0,0,0,0,0,0,0,0,0
tgram,0,0,0,0,0,0,0,0,0
TGUICore,0,0,0,0,0,0,0,0,0
TGUITeaching,0,0,0,0,0,0,0,0,0
ThreeGroups,0,0,0,0,0,0,0,0,0
tiger,3,3,11,1208,151,1,1,472,74
tikzDevice,11,36,13,4596,14763,2,1,291,464
tileHMM,0,0,0,0,0,0,0,0,0
time,30,12,34,3267,6013,0.0,1.0,36.0,15.0
timeDate,14,50,21,4561,6638,1.0,1.5,199.0,104.0
timereg,1,0,0,45,11,0,0,45,11
timeSeries,30,35,43,4011,19157,0.5,1.0,89.0,42.0
TIMP,1,1,3,282,25,1,3,282,25
timsac,0,0,0,0,0,0,0,0,0
TinnR,0,0,0,0,0,0,0,0,0
tis,3,1,5,1340,1069,0,2,416,362
titan,0,0,0,0,0,0,0,0,0
tkrgl,0,0,0,0,0,0,0,0,0
tkrplot,2,6,3,1899,5357,3.0,1.5,949.5,2678.5
tlemix,0,0,0,0,0,0,0,0,0
tlnise,0,0,0,0,0,0,0,0,0
tm,30,60,43,11241,61415,1.0,1.0,102.5,41
tm.plugin.mail,0,0,0,0,0,0,0,0,0
tmvtnorm,0,0,0,0,0,0,0,0,0
tnet,3,1,4,569,335,0,1,262,111
tolerance,27,52,38,7597,33481,1,1,127,191
topicmodels,11,16,11,1480,1890,1,1,135,35
topmodel,0,0,0,0,0,0,0,0,0
tossm,0,0,0,0,0,0,0,0,0
tourr,0,0,0,0,0,0,0,0,0
tourrGui,0,0,0,0,0,0,0,0,0
ToxLim,0,0,0,0,0,0,0,0,0
tpr,1,1,1,888,10,1,1,888,10
tpsDesign,0,0,0,0,0,0,0,0,0
trackObjs,0,0,0,0,0,0,0,0,0
tractor.base,0,0,0,0,0,0,0,0,0
tradeCosts,0,0,0,0,0,0,0,0,0
traitr,0,0,0,0,0,0,0,0,0
TraMineR,14,37,18,1834,5156,3.0,1.0,94.5,412.0
TRAMPR,0,0,0,0,0,0,0,0,0
tree,30,26,28,1972,23381,0.5,1.0,51.5,43.0
treelet,0,0,0,0,0,0,0,0,0
TreePar,0,0,0,0,0,0,0,0,0
TreeRank,0,0,0,0,0,0,0,0,0
TreeSim,0,0,0,0,0,0,0,0,0
treethresh,0,0,0,0,0,0,0,0,0
trex,0,0,0,0,0,0,0,0,0
triads,1,0,1,47,55,0,1,47,55
TRIANG,0,0,0,0,0,0,0,0,0
TRIANGG,0,0,0,0,0,0,0,0,0
triangle,22,52,40,9350,74881,2.0,1.0,163.5,499.0
trimcluster,0,0,0,0,0,0,0,0,0
trio,4,1,5,431,793,0.5,1.5,113.0,158.5
trip,14,41,29,9038,76704,1.5,1.0,278.0,342.0
tripack,0,0,0,0,0,0,0,0,0
tripEstimation,0,0,0,0,0,0,0,0,0
TripleR,0,0,0,0,0,0,0,0,0
truncgof,0,0,0,0,0,0,0,0,0
truncnorm,0,0,0,0,0,0,0,0,0
truncreg,0,0,0,0,0,0,0,0,0
trust,20,25,33,3930,67470,1.0,1.0,82.0,67.0
TSA,2,3,3,554,876,1.5,1.5,277.0,438.0
TSAgg,0,0,0,0,0,0,0,0,0
TSdbi,0,0,0,0,0,0,0,0,0
tsDyn,0,0,0,0,0,0,0,0,0
tseries,10,17,14,4305,7313,1.0,1.0,260.5,442.5
tseriesChaos,0,0,0,0,0,0,0,0,0
tsfa,0,0,0,0,0,0,0,0,0
TSfame,0,0,0,0,0,0,0,0,0
TShistQuote,0,0,0,0,0,0,0,0,0
TSHRC,0,0,0,0,0,0,0,0,0
tslars,0,0,0,0,0,0,0,0,0
tsModel,0,0,0,0,0,0,0,0,0
TSMySQL,0,0,0,0,0,0,0,0,0
tsne,0,0,0,0,0,0,0,0,0
TSodbc,0,0,0,0,0,0,0,0,0
TSP,2,5,8,2264,957,2.5,4.0,1132.0,478.5
TSpadi,0,0,0,0,0,0,0,0,0
TSPostgreSQL,0,0,0,0,0,0,0,0,0
TSSQLite,0,0,0,0,0,0,0,0,0
ttime,2,5,2,332,189,2.5,1.0,166.0,94.5
TTR,30,48,40,5189,14668,1.0,1.0,111.5,280.5
ttrTests,0,0,0,0,0,0,0,0,0
ttutils,0,0,0,0,0,0,0,0,0
TunePareto,1,1,1,88,24,1,1,88,24
tuneR,2,1,2,187,142,0.5,1.0,93.5,71.0
twang,1,3,1,857,310,3,1,857,310
tweedie,0,0,0,0,0,0,0,0,0
twiddler,0,0,0,0,0,0,0,0,0
twitteR,30,31,34,9426,8547,0.0,1.0,100.0,23.0
TWIX,0,0,0,0,0,0,0,0,0
twopartqtl,0,0,0,0,0,0,0,0,0
TwoWaySurvival,0,0,0,0,0,0,0,0,0
twslm,0,0,0,0,0,0,0,0,0
ucminf,2,-1,3,519,554,-0.5,1.5,259.5,277.0
umlr,0,0,0,0,0,0,0,0,0
ump,0,0,0,0,0,0,0,0,0
unbalhaar,0,0,0,0,0,0,0,0,0
uncompress,3,10,6,1525,4840,3,2,312,448
Unicode,30,80,37,9583,271552,2.0,1.0,238.5,491.0
uniCox,0,0,0,0,0,0,0,0,0
unmarked,0,0,0,0,0,0,0,0,0
untb,0,0,0,0,0,0,0,0,0
urca,2,3,2,445,1092,1.5,1.0,222.5,546.0
urn,1,0,2,79,33,0,2,79,33
UScensus2000,0,0,0,0,0,0,0,0,0
UScensus2000add,0,0,0,0,0,0,0,0,0
UScensus2000blkgrp,0,0,0,0,0,0,0,0,0
UScensus2000cdp,0,0,0,0,0,0,0,0,0
UScensus2000tract,0,0,0,0,0,0,0,0,0
UsingR,4,9,6,5414,1557,2.5,1.5,404.5,212.5
USPS,0,0,0,0,0,0,0,0,0
vardiag,0,0,0,0,0,0,0,0,0
VarianceGamma,0,0,0,0,0,0,0,0,0
vars,30,28,42,6459,11791,1.0,1.0,66.5,160.0
varSelRF,0,0,0,0,0,0,0,0,0
vbmp,0,0,0,0,0,0,0,0,0
vcd,6,32,11,4650,24597,3.0,1.5,628.0,497.0
vcdExtra,0,0,0,0,0,0,0,0,0
VecStatGraphs2D,0,0,0,0,0,0,0,0,0
VecStatGraphs3D,0,0,0,0,0,0,0,0,0
vegan,17,14,22,3497,1260,0,1,129,8
vegdata,0,0,0,0,0,0,0,0,0
vegetarian,0,0,0,0,0,0,0,0,0
venneuler,6,11,4,1897,32680,1.5,1.0,210.0,51.5
verification,9,11,11,2939,3190,1,1,160,21
VGAM,5,19,10,2854,44893,6,2,414,629
VhayuR,0,0,0,0,0,0,0,0,0
VHDClassification,0,0,0,0,0,0,0,0,0
VIF,2,3,2,747,719,1.5,1.0,373.5,359.5
VIM,20,72,33,7056,14101,3.0,1.0,178.5,302.0
vioplot,2,3,2,367,613,1.5,1.0,183.5,306.5
VizCompX,0,0,0,0,0,0,0,0,0
VLMC,2,2,1,156,116,1.0,0.5,78.0,58.0
vmv,0,0,0,0,0,0,0,0,0
vowels,4,7,6,1375,1065,2.5,1.5,204.5,186.0
VPdtw,0,0,0,0,0,0,0,0,0
vrmlgen,0,0,0,0,0,0,0,0,0
vrtest,2,2,2,131,28,1.0,1.0,65.5,14.0
wasim,0,0,0,0,0,0,0,0,0
waterfall,1,1,1,130,366,1,1,130,366
waveband,0,0,0,0,0,0,0,0,0
WaveCD,0,0,0,0,0,0,0,0,0
waveclock,0,0,0,0,0,0,0,0,0
waved,0,0,0,0,0,0,0,0,0
wavelets,3,8,6,4216,223,2,2,606,33
waveslim,0,0,0,0,0,0,0,0,0
wavethresh,1,0,1,181,986,0,1,181,986
wccsom,0,0,0,0,0,0,0,0,0
WDI,4,5,4,805,301,1.0,1.0,168.0,96.0
webvis,0,0,0,0,0,0,0,0,0
wgaim,0,0,0,0,0,0,0,0,0
WGCNA,2,1,0,215,7,0.5,0.0,107.5,3.5
WhatIf,0,0,0,0,0,0,0,0,0
wikibooks,0,0,0,0,0,0,0,0,0
WilcoxCV,1,4,1,773,110,4,1,773,110
WINRPACK,0,0,0,0,0,0,0,0,0
wle,0,0,0,0,0,0,0,0,0
WMBrukerParser,0,0,0,0,0,0,0,0,0
WMCapacity,0,0,0,0,0,0,0,0,0
wmtsa,2,4,4,719,566,2.0,2.0,359.5,283.0
wnominate,0,0,0,0,0,0,0,0,0
wombsoft,0,0,0,0,0,0,0,0,0
wordnet,7,4,8,1992,1768,0,1,291,45
wq,1,2,4,2454,11,2,4,2454,11
write.snns,0,0,0,0,0,0,0,0,0
WriteXLS,2,0,2,237,526,0.0,1.0,118.5,263.0
wvioplot,0,0,0,0,0,0,0,0,0
WWGbook,0,0,0,0,0,0,0,0,0
x12,23,46,34,15078,31500,1,1,117,404
xgobi,0,0,0,0,0,0,0,0,0
xlsReadWrite,2,3,3,990,32513,1.5,1.5,495.0,16256.5
xlsx,30,51,35,18803,36125,1.0,1.0,168.5,52
xlsxjars,4,4,2,562,183,0.5,0.0,100.5,25.5
XML,30,58,40,10268,42397,1.0,1.0,60.0,572.0
xtable,30,195,59,27661,102235,3.0,1.0,154.0,272.5
xterm256,0,0,0,0,0,0,0,0,0
xts,30,31,40,2586,17783,1.0,1.0,46.0,332.0
yacca,0,0,0,0,0,0,0,0,0
yaImpute,0,0,0,0,0,0,0,0,0
YaleToolkit,1,7,1,2034,2864,7,1,2034,2864
yaml,5,5,9,704,20913,1,2,92,1721
yest,1,0,1,171,10,0,1,171,10
yhat,8,13,13,2184,1756,1.5,1.5,203.0,59.5
YieldCurve,0,0,0,0,0,0,0,0,0
YourCast,1,0,2,523,375,0,2,523,375
Zelig,18,13,18,11547,6775,1.0,1.0,243.5,67
zic,0,0,0,0,0,0,0,0,0
ZIGP,0,0,0,0,0,0,0,0,0
zipfR,0,0,0,0,0,0,0,0,0
zoeppritz,0,0,0,0,0,0,0,0,0
zoo,30,33,41,5261,10419,1.0,1.0,46.5,86.0
zyp,2,1,4,1115,812,0.5,2.0,557.5,406.0
