Package,Questions,Score,Answers,Views,Reputation
frontier,3,0,2,520,49
penalizedSVM,2,0,2,122,392
signalextraction,1,0,1,115,76
adk,2,0,5,349,122
akima,8,0,9,1004,6484
alr3,2,0,4,261,2161
dse1,1,0,4,398,6
dse2,1,0,4,403,6
dti,1,0,1,74,144
modeest,1,0,1,87,89
penalized,3,0,2,233,163
Rcgmin,1,0,1,483,43
Rvmmin,1,0,1,479,43
ucminf,2,0,3,519,554
AcceptanceSampling,0,0,0,0,0
ACCLMA,0,0,0,0,0
acepack,0,0,0,0,0
aCGH.Spline,0,0,0,0,0
actuar,0,0,0,0,0
ADaCGH,0,0,0,0,0
AdaptFit,0,0,0,0,0
adaptTest,0,0,0,0,0
ade4TkGUI,0,0,0,0,0
adegenet,1,0,0,19,19
adephylo,0,0,0,0,0
ADGofTest,0,0,0,0,0
adimpro,0,0,0,0,0
adlift,0,0,0,0,0
AER,1,0,0,85,1
afc,1,0,0,310,49
agilp,0,0,0,0,0
AGSDest,0,0,0,0,0
AIGIS,0,0,0,0,0
allelic,0,0,0,0,0
alphahull,0,0,0,0,0
amap,0,0,0,0,0
amba,0,0,0,0,0
amei,0,0,0,0,0
amer,0,0,0,0,0
AMORE,0,0,0,0,0
anacor,0,0,0,0,0
AnalyzeFMRI,0,0,0,0,0
anapuce,0,0,0,0,0
anchors,0,0,0,0,0
andrews,0,0,0,0,0
anesrake,0,0,0,0,0
anm,0,0,0,0,0
aod,0,0,0,0,0
apcluster,0,0,0,0,0
approximator,0,0,0,0,0
aqp,0,0,0,0,0
AquaEnv,0,0,0,0,0
archetypes,0,0,0,0,0
ArDec,0,0,0,0,0
ares,1,0,2,187,436
argosfilter,0,0,0,0,0
aroma.affymetrix,0,0,0,0,0
aroma.apd,0,0,0,0,0
aroma.cn,0,0,0,0,0
aroma.core,0,0,0,0,0
aroma.light,0,0,0,0,0
arrayImpute,0,0,0,0,0
arrayMissPattern,0,0,0,0,0
arulesNBMiner,0,0,0,0,0
arulesSequences,2,0,2,406,2366
asbio,0,0,0,0,0
aspace,0,0,0,0,0
asypow,0,0,0,0,0
atmi,1,0,2,50,12
aylmer,0,0,0,0,0
B2Z,0,0,0,0,0
BACCO,0,0,0,0,0
backfitRichards,0,0,0,0,0
BAMD,0,0,0,0,0
BARD,0,0,0,0,0
bark,0,0,0,0,0
BAS,2,0,2,193,108
bayesclust,0,0,0,0,0
bayescount,0,0,0,0,0
BayesDA,0,0,0,0,0
bayesGARCH,0,0,0,0,0
bayesmix,0,0,0,0,0
BayesQTLBIC,0,0,0,0,0
bayesSurv,0,0,0,0,0
BayesValidate,0,0,0,0,0
BayesX,0,0,0,0,0
BayHaz,0,0,0,0,0
BAYSTAR,0,0,0,0,0
Bchron,0,0,0,0,0
bclust,0,0,0,0,0
bcp,0,0,0,0,0
bcv,0,0,0,0,0
bdoc,0,0,0,0,0
bdsmatrix,0,0,0,0,0
benchden,0,0,0,0,0
bentcableAR,0,0,0,0,0
Bergm,0,0,0,0,0
betaper,0,0,0,0,0
BGSIMD,0,0,0,0,0
BiasedUrn,0,0,0,0,0
biclust,0,0,0,0,0
bifactorial,0,0,0,0,0
biglars,0,0,0,0,0
bild,0,0,0,0,0
binarySimCLF,0,0,0,0,0
binGroup,0,0,0,0,0
binhf,0,0,0,0,0
binMto,0,0,0,0,0
binomSamSize,0,0,0,0,0
Biodem,0,0,0,0,0
BiodiversityR,0,0,0,0,0
BioIDMapper,0,0,0,0,0
biopara,0,0,0,0,0
BioPhysConnectoR,0,0,0,0,0
biOps,0,0,0,0,0
biOpsGUI,0,0,0,0,0
BioStatR,0,0,0,0,0
BiplotGUI,0,0,0,0,0
bise,0,0,0,0,0
bisoreg,0,0,0,0,0
biwt,0,0,0,0,0
BLCOP,0,0,0,0,0
blighty,0,0,0,0,0
blockmodeling,0,0,0,0,0
blockrand,0,0,0,0,0
blockTools,0,0,0,0,0
bmd,0,0,0,0,0
Bmix,0,0,0,0,0
BMN,0,0,0,0,0
BMS,0,0,0,0,0
bnlearn,0,0,0,0,0
Bolstad,0,0,0,0,0
Bolstad2,0,0,0,0,0
boolfun,0,0,0,0,0
BoolNet,0,0,0,0,0
BootPR,0,0,0,0,0
bootruin,0,0,0,0,0
bootspecdens,0,0,0,0,0
bootStepAIC,0,0,0,0,0
Boruta,0,0,0,0,0
BoSSA,0,0,0,0,0
bpca,0,0,0,0,0
BPHO,0,0,0,0,0
bqtl,0,0,0,0,0
BradleyTerry,0,0,0,0,0
BradleyTerry2,3,0,4,292,209
brainwaver,0,0,0,0,0
brglm,0,0,0,0,0
BSagri,0,0,0,0,0
BSDA,1,0,1,423,209
BsMD,0,0,0,0,0
bspec,0,0,0,0,0
BTSPAS,0,0,0,0,0
bvls,0,0,0,0,0
bvpSolve,0,0,0,0,0
CADFtest,0,0,0,0,0
CADStat,0,0,0,0,0
caGUI,0,0,0,0,0
CalciOMatic,0,0,0,0,0
calibrator,0,0,0,0,0
caMassClass,0,0,0,0,0
candisc,0,0,0,0,0
CarbonEL,0,0,0,0,0
caroline,0,0,0,0,0
catmap,0,0,0,0,0
catspec,0,0,0,0,0
CausalGAM,0,0,0,0,0
CAVIAR,0,0,0,0,0
cba,0,0,0,0,0
ccems,0,0,0,0,0
ccgarch,0,0,0,0,0
CCMtools,0,0,0,0,0
CCP,0,0,0,0,0
CDFt,0,0,0,0,0
CDNmoney,0,0,0,0,0
CellularAutomaton,0,0,0,0,0
cellVolumeDist,0,0,0,0,0
cem,0,0,0,0,0
censReg,0,0,0,0,0
cggd,0,0,0,0,0
cghFLasso,0,0,0,0,0
CGIwithR,0,0,0,0,0
ChainLadder,0,0,0,0,0
changeLOS,0,0,0,0,0
charlson,0,0,0,0,0
cheb,0,0,0,0,0
chemCal,0,0,0,0,0
CHNOSZ,0,0,0,0,0
choplump,0,0,0,0,0
chplot,0,0,0,0,0
CHsharp,0,0,0,0,0
cimis,0,0,0,0,0
CircNNTSR,0,0,0,0,0
CircSpatial,0,0,0,0,0
classGraph,0,0,0,0,0
classifly,0,0,0,0,0
clim.pact,0,0,0,0,0
climatol,0,0,0,0,0
clinfun,0,0,0,0,0
ClinicalRobustPriors,0,0,0,0,0
clinsig,0,0,0,0,0
clusterfly,0,0,0,0,0
clusterGeneration,0,0,0,0,0
clusterRepro,0,0,0,0,0
clusterSim,0,0,0,0,0
clustTool,0,0,0,0,0
clustvarsel,0,0,0,0,0
clValid,0,0,0,0,0
cmaes,0,0,0,0,0
CMC,0,0,0,0,0
cmm,0,0,0,0,0
cmprsk,0,0,0,0,0
cmprskContin,0,0,0,0,0
cmrutils,0,0,0,0,0
CNVassoc,0,0,0,0,0
coarseDataTools,0,0,0,0,0
cobs,0,0,0,0,0
cobs99,0,0,0,0,0
CoCo,0,0,0,0,0
CoCoCg,0,0,0,0,0
CoCoGraph,0,0,0,0,0
cocorresp,0,0,0,0,0
codep,0,0,0,0,0
coenoflex,0,0,0,0,0
CollocInfer,1,0,1,26,103
colorRamps,0,0,0,0,0
CombMSC,0,0,0,0,0
compareGroups,0,0,0,0,0
CompetingRiskFrailty,0,0,0,0,0
compHclust,0,0,0,0,0
compoisson,0,0,0,0,0
COMPoissonReg,0,0,0,0,0
compOverlapCorr,0,0,0,0,0
CompQuadForm,0,0,0,0,0
CompRandFld,0,0,0,0,0
compute.es,0,0,0,0,0
concor,0,0,0,0,0
concord,0,0,0,0,0
condGEE,0,0,0,0,0
conf.design,0,0,0,0,0
constrainedKriging,0,0,0,0,0
contfrac,0,0,0,0,0
ConvCalendar,0,0,0,0,0
ConvergenceConcepts,0,0,0,0,0
convexHaz,0,0,0,0,0
COP,0,0,0,0,0
copas,0,0,0,0,0
corcounts,0,0,0,0,0
CORElearn,0,0,0,0,0
corpcor,0,0,0,0,0
CorrBin,0,0,0,0,0
CORREP,0,0,0,0,0
corrgram,1,0,0,11,6
corrperm,0,0,0,0,0
corrsieve,0,0,0,0,0
covRobust,0,0,0,0,0
CoxBoost,0,0,0,0,0
coxphf,0,0,0,0,0
coxphw,0,0,0,0,0
coxrobust,0,0,0,0,0
COZIGAM,0,0,0,0,0
CPE,0,0,0,0,0
Cprob,0,0,0,0,0
cramer,0,0,0,0,0
crank,0,0,0,0,0
crantastic,0,0,0,0,0
crawl,0,0,0,0,0
crmn,0,0,0,0,0
crossdes,0,0,0,0,0
crosshybDetector,0,0,0,0,0
csampling,0,0,0,0,0
cshapes,0,0,0,0,0
cslogistic,0,0,0,0,0
cthresh,0,0,0,0,0
cudaBayesreg,0,0,0,0,0
cumSeg,0,0,0,0,0
curvetest,0,0,0,0,0
cusp,0,0,0,0,0
CvM2SL1Test,0,0,0,0,0
CvM2SL2Test,0,0,0,0,0
CVThresh,0,0,0,0,0
cwhmisc,0,0,0,0,0
cxxPack,0,0,0,0,0
cyclones,0,0,0,0,0
DAAGbio,0,0,0,0,0
DAAGxtras,0,0,0,0,0
dae,0,0,0,0,0
dafs,0,0,0,0,0
dagR,1,0,1,164,70
Daim,0,0,0,0,0
DAKS,0,0,0,0,0
DAMisc,0,0,0,0,0
DatABEL,0,0,0,0,0
dataframes2xls,1,0,0,118,394
datamap,0,0,0,0,0
Davies,0,0,0,0,0
dblcens,0,0,0,0,0
dcemri,0,0,0,0,0
dcemriS4,0,0,0,0,0
DCGL,0,0,0,0,0
dclone,0,0,0,0,0
DCluster,0,0,0,0,0
ddesolve,0,0,0,0,0
DDHFm,0,0,0,0,0
ddst,0,0,0,0,0
decon,0,0,0,0,0
DeducerExtras,0,0,0,0,0
DeducerPlugInExample,0,0,0,0,0
degenes,0,0,0,0,0
degreenet,0,0,0,0,0
delftfews,0,0,0,0,0
DEMEtics,0,0,0,0,0
demography,1,0,1,73,40
denpro,0,0,0,0,0
denstrip,0,0,0,0,0
Depela,0,0,0,0,0
DesignPatterns,0,0,0,0,0
desirability,0,0,0,0,0
Devore5,0,0,0,0,0
Devore6,0,0,0,0,0
Devore7,0,0,0,0,0
dglm,0,0,0,0,0
DiagnosisMed,0,0,0,0,0
DiceDesign,0,0,0,0,0
DiceEval,0,0,0,0,0
DiceKriging,0,0,0,0,0
DiceOptim,0,0,0,0,0
dicionariosIBGE,0,0,0,0,0
DierckxSpline,0,0,0,0,0
diffractometry,0,0,0,0,0
diffusionMap,0,0,0,0,0
difR,1,0,2,333,173
digeR,0,0,0,0,0
digitize,0,0,0,0,0
diptest,0,0,0,0,0
dirmult,0,0,0,0,0
diseasemapping,0,0,0,0,0
dispmod,0,0,0,0,0
distory,0,0,0,0,0
distrDoc,0,0,0,0,0
distrEllipse,0,0,0,0,0
distrEx,0,0,0,0,0
DistributionUtils,0,0,0,0,0
distrMod,0,0,0,0,0
distrSim,0,0,0,0,0
distrTeach,0,0,0,0,0
distrTEst,0,0,0,0,0
divagis,0,0,0,0,0
diveMove,0,0,0,0,0
DiversitySampler,0,0,0,0,0
dlm,2,0,2,417,1
dlmap,0,0,0,0,0
dlnm,0,0,0,0,0
DoE.base,0,0,0,0,0
DoE.wrapper,1,0,0,44,36
doMPI,1,0,0,50,314
DoseFinding,0,0,0,0,0
DOSim,0,0,0,0,0
dplR,0,0,0,0,0
dpmixsim,0,0,0,0,0
DPpackage,0,0,0,0,0
drfit,0,0,0,0,0
DRI,0,0,0,0,0
drm,0,0,0,0,0
DSpat,0,0,0,0,0
DTDA,0,0,0,0,0
dvfBm,0,0,0,0,0
dyad,1,0,1,122,0
dynamicGraph,0,0,0,0,0
dynamicTreeCut,0,0,0,0,0
dynaTree,0,0,0,0,0
dynCorr,0,0,0,0,0
dynGraph,1,0,0,155,534
eba,0,0,0,0,0
EbayesThresh,0,0,0,0,0
ebdbNet,0,0,0,0,0
Ecdat,1,0,1,49,1
ecespa,0,0,0,0,0
eco,2,0,1,603,425
ecodist,0,0,0,0,0
ecolMod,0,0,0,0,0
ecoreg,0,0,0,0,0
edci,0,0,0,0,0
EDR,0,0,0,0,0
edrGraphicalTools,0,0,0,0,0
edtdbg,0,0,0,0,0
EffectiveDose,0,0,0,0,0
egonet,0,0,0,0,0
eha,0,0,0,0,0
eigenmodel,0,0,0,0,0
eiPack,0,0,0,0,0
el.convex,0,0,0,0,0
elasticnet,0,0,0,0,0
ElectroGraph,0,0,0,0,0
ElemStatLearn,0,0,0,0,0
elliptic,0,0,0,0,0
EMC,0,0,0,0,0
EMCC,0,0,0,0,0
emdbook,0,0,0,0,0
EMJumpDiffusion,0,0,0,0,0
emme2,0,0,0,0,0
emoa,0,0,0,0,0
emplik,0,0,0,0,0
emplik2,0,0,0,0,0
EMT,0,0,0,0,0
emulator,0,0,0,0,0
endogMNP,0,0,0,0,0
EngrExpt,0,0,0,0,0
EnQuireR,0,0,0,0,0
ensembleBMA,0,0,0,0,0
epibasix,0,0,0,0,0
epinet,0,0,0,0,0
epiR,0,0,0,0,0
epsi,0,0,0,0,0
EQL,0,0,0,0,0
eqtl,0,0,0,0,0
EquiNorm,0,0,0,0,0
ergm,1,0,0,57,22
eRm,2,0,1,107,13
esd4all,0,0,0,0,0
etm,0,0,0,0,0
EvalEst,0,0,0,0,0
evd,2,0,4,1058,81
evdbayes,0,0,0,0,0
eVenn,1,0,1,422,143
evir,0,0,0,0,0
exact2x2,0,0,0,0,0
exactLoglinTest,0,0,0,0,0
exactmaxsel,0,0,0,0,0
exactRankTests,0,0,0,0,0
exams,0,0,0,0,0
ExPD2D,0,0,0,0,0
expectreg,0,0,0,0,0
expsmooth,0,0,0,0,0
extracat,0,0,0,0,0
extremevalues,2,0,2,133,26
FactoClass,0,0,0,0,0
Fahrmeir,0,0,0,0,0
FAMT,0,0,0,0,0
faraway,0,0,0,0,0
fArma,0,0,0,0,0
farmR,0,0,0,0,0
fAsianOptions,0,0,0,0,0
fAssets,0,0,0,0,0
fastICA,0,0,0,0,0
favir,0,0,0,0,0
fBasics,2,0,2,252,920
fbati,0,0,0,0,0
FBN,0,0,0,0,0
fBonds,0,0,0,0,0
fCalendar,0,0,0,0,0
fCertificates,0,0,0,0,0
fCopulae,0,0,0,0,0
fdim,0,0,0,0,0
fdrtool,0,0,0,0,0
fds,0,0,0,0,0
fdth,0,0,0,0,0
fechner,0,0,0,0,0
fEcofin,1,0,0,190,1
fExoticOptions,0,0,0,0,0
fExtremes,0,0,0,0,0
ffmanova,0,0,0,0,0
fftw,0,0,0,0,0
fgac,0,0,0,0,0
FGN,0,0,0,0,0
fgui,1,0,0,76,170
FieldSim,0,0,0,0,0
filehashSQLite,0,0,0,0,0
FinTS,0,0,0,0,0
fisheyeR,0,0,0,0,0
fishmethods,0,0,0,0,0
fit4NM,0,0,0,0,0
FitAR,0,0,0,0,0
FitARMA,0,0,0,0,0
FITSio,0,0,0,0,0
FKF,0,0,0,0,0
flashClust,0,0,0,0,0
flexclust,0,0,0,0,0
flexCrossHaz,0,0,0,0,0
flsa,0,0,0,0,0
flubase,0,0,0,0,0
Flury,0,0,0,0,0
fma,1,0,1,91,94
FME,0,0,0,0,0
fmri,0,0,0,0,0
fMultivar,1,0,1,44,72
fNonlinear,0,0,0,0,0
foba,0,0,0,0,0
fOptions,1,0,1,217,2810
forensic,0,0,0,0,0
forensim,0,0,0,0,0
formula.tools,0,0,0,0,0
fossil,0,0,0,0,0
fpca,0,0,0,0,0
fpow,0,0,0,0,0
fptdApprox,0,0,0,0,0
FracSim,0,0,0,0,0
fractal,2,0,2,259,174
fractalrock,0,0,0,0,0
frailtypack,0,0,0,0,0
FRB,0,0,0,0,0
frbf,0,0,0,0,0
fRegression,0,0,0,0,0
freqMAP,0,0,0,0,0
FrF2.catlg128,0,0,0,0,0
fSeries,0,0,0,0,0
fso,0,0,0,0,0
FTICRMS,0,0,0,0,0
ftnonpar,0,0,0,0,0
fts,0,0,0,0,0
FunCluster,0,0,0,0,0
FunctSNP,0,0,0,0,0
FunNet,0,0,0,0,0
futile.any,0,0,0,0,0
futile.logger,0,0,0,0,0
futile.matrix,0,0,0,0,0
futile.options,0,0,0,0,0
futile.paradigm,0,0,0,0,0
fUtilities,0,0,0,0,0
fuzzyFDR,0,0,0,0,0
fuzzyOP,0,0,0,0,0
fuzzyRankTests,0,0,0,0,0
fwdmsa,0,0,0,0,0
fxregime,0,0,0,0,0
g.data,0,0,0,0,0
G1DBN,0,0,0,0,0
gafit,0,0,0,0,0
gamair,0,0,0,0,0
GAMBoost,0,0,0,0,0
gamesNws,0,0,0,0,0
gamlss.add,0,0,0,0,0
gamlss.cens,0,0,0,0,0
gamlss.data,0,0,0,0,0
gamlss.demo,0,0,0,0,0
gamlss,4,0,2,269,3
gamlss.mx,1,0,1,28,0
gamlss.nl,0,0,0,0,0
gamlss.tr,0,0,0,0,0
gamlss.util,0,0,0,0,0
gaussDiff,0,0,0,0,0
gausspred,0,0,0,0,0
gbev,0,0,0,0,0
gbs,1,0,0,47,231
gcExplorer,0,0,0,0,0
gclus,0,0,0,0,0
gcmrec,0,0,0,0,0
gcolor,2,0,2,68,8378
GDD,3,0,4,283,167
geiger,1,0,1,128,97
GenABEL,1,0,1,38,47
gene2pathway,0,0,0,0,0
geneARMA,0,0,0,0,0
Geneclust,0,0,0,0,0
GeneCycle,0,0,0,0,0
genefu,0,0,0,0,0
Geneland,0,0,0,0,0
geneListPie,0,0,0,0,0
GeneNet,0,0,0,0,0
GeneralizedHyperbolic,0,0,0,0,0
GeneReg,0,0,0,0,0
GenKern,0,0,0,0,0
genomatic,0,0,0,0,0
genoPlotR,0,0,0,0,0
geofd,0,0,0,0,0
GEOmap,0,0,0,0,0
geomapdata,0,0,0,0,0
geophys,0,0,0,0,0
geoRglm,0,0,0,0,0
GeoXp,0,0,0,0,0
geozoo,0,0,0,0,0
GEVcdn,0,0,0,0,0
GExMap,0,0,0,0,0
ggm,1,0,1,347,51
GGMselect,0,0,0,0,0
gibbs.met,0,0,0,0,0
giRaph,0,0,0,0,0
glasso,0,0,0,0,0
GLDEX,0,0,0,0,0
gllm,0,0,0,0,0
glmdm,0,0,0,0,0
glmmAK,0,0,0,0,0
GLMMarp,0,0,0,0,0
glmmBUGS,0,0,0,0,0
glmmML,0,0,0,0,0
glmpath,0,0,0,0,0
glmperm,0,0,0,0,0
glpk,0,0,0,0,0
gmaps,0,0,0,0,0
gmvalid,0,0,0,0,0
gnumeric,0,0,0,0,0
goalprog,0,0,0,0,0
GOFSN,0,0,0,0,0
gogarch,0,0,0,0,0
GOSim,0,0,0,0,0
GPArotation,0,0,0,0,0
gpclib,0,0,0,0,0
gPdtest,0,0,0,0,0
gpls,0,0,0,0,0
GPseq,0,0,0,0,0
gRain,3,0,1,271,41
granova,0,0,0,0,0
gRapHD,0,0,0,0,0
graphicsQC,0,0,0,0,0
GrassmannOptim,0,0,0,0,0
gRc,1,0,1,110,1789
GridR,0,0,0,0,0
GroupSeq,0,0,0,0,0
grplasso,1,0,0,67,15
grpreg,0,0,0,0,0
GRRGI,0,0,0,0,0
grt,0,0,0,0,0
GSA,1,0,0,571,437
gsarima,0,0,0,0,0
gsc,0,0,0,0,0
gsDesign,0,0,0,0,0
GSM,3,0,3,659,170
gss,0,0,0,0,0
gsubfn,0,0,0,0,0
Guerry,0,0,0,0,0
gvlma,0,0,0,0,0
GWAF,0,0,0,0,0
GWASExactHW,0,0,0,0,0
gWidgetsrJava,0,0,0,0,0
GWRM,0,0,0,0,0
haarfisz,0,0,0,0,0
HadoopStreaming,0,0,0,0,0
halp,0,0,0,0,0
hapassoc,0,0,0,0,0
HapEstXXR,0,0,0,0,0
HAPim,0,0,0,0,0
Haplin,0,0,0,0,0
haplo.ccs,0,0,0,0,0
haplo.stats,0,0,0,0,0
HaploSim,0,0,0,0,0
hapsim,0,0,0,0,0
HardyWeinberg,0,0,0,0,0
hbim,0,0,0,0,0
hbmem,0,0,0,0,0
hda,0,0,0,0,0
HDclassif,0,0,0,0,0
hddplot,0,0,0,0,0
hdeco,0,0,0,0,0
HDMD,0,0,0,0,0
hdrcde,0,0,0,0,0
heatmap.plus,0,0,0,0,0
helloJavaWorld,0,0,0,0,0
heplots,0,0,0,0,0
hergm,0,0,0,0,0
hett,0,0,0,0,0
hexView,0,0,0,0,0
HFWutils,0,0,0,0,0
hgam,0,0,0,0,0
hglm,0,0,0,0,0
HGLMMM,0,0,0,0,0
HiddenMarkov,1,0,1,72,1
hierfstat,0,0,0,0,0
hlr,0,0,0,0,0
hmm.discnp,0,0,0,0,0
homals,0,0,0,0,0
homtest,0,0,0,0,0
hopach,0,0,0,0,0
howmany,0,0,0,0,0
HSAUR,0,0,0,0,0
HSAUR2,1,0,2,205,22
hsmm,0,0,0,0,0
hwde,0,0,0,0,0
HWEBayes,0,0,0,0,0
HWEintrinsic,0,0,0,0,0
hybridHclust,0,0,0,0,0
HybridMC,0,0,0,0,0
hydrogeo,0,0,0,0,0
HydroMe,1,0,1,1069,10
hydrosanity,0,0,0,0,0
HyperbolicDist,0,0,0,0,0
hyperdirichlet,0,0,0,0,0
hypergeo,0,0,0,0,0
ibdreg,0,0,0,0,0
ibr,0,0,0,0,0
iBUGS,0,0,0,0,0
ic.infer,0,0,0,0,0
ic50,0,0,0,0,0
iCluster,0,0,0,0,0
icomp,0,0,0,0,0
ICS,0,0,0,0,0
ICSNP,0,0,0,0,0
IDPmisc,0,0,0,0,0
IFP,0,0,0,0,0
ifultools,0,0,0,0,0
iGenomicViewer,0,0,0,0,0
igraphtosonia,0,0,0,0,0
iid.test,0,0,0,0,0
imprProbEst,0,0,0,0,0
imputeMDR,0,0,0,0,0
influence.ME,1,0,1,46,19
infotheo,0,0,0,0,0
IniStatR,0,0,0,0,0
inlinedocs,0,0,0,0,0
intamap,0,0,0,0,0
intamapInteractive,0,0,0,0,0
intcox,1,0,0,43,101
integrativeME,0,0,0,0,0
integrOmics,0,0,0,0,0
introgress,0,0,0,0,0
ipred,0,0,0,0,0
IPSUR,0,0,0,0,0
ipw,0,0,0,0,0
irtoys,0,0,0,0,0
irtProb,0,0,0,0,0
isa2,0,0,0,0,0
isdals,0,0,0,0,0
IsoGene,0,0,0,0,0
isopam,0,0,0,0,0
isotone,0,0,0,0,0
isva,0,0,0,0,0
ISwR,0,0,0,0,0
ivivc,0,0,0,0,0
JADE,0,0,0,0,0
JJcorr,0,0,0,0,0
JM,1,0,2,32,114
jointDiag,0,0,0,0,0
JointModeling,0,0,0,0,0
JOP,0,0,0,0,0
JudgeIt,0,0,0,0,0
kappalab,0,0,0,0,0
kerfdr,0,0,0,0,0
kernelPop,0,0,0,0,0
kin.cohort,0,0,0,0,0
kinfit,0,0,0,0,0
kinship,1,0,0,260,1
kknn,2,0,1,534,31
klin,0,0,0,0,0
km.ci,0,0,0,0,0
kmi,0,0,0,0,0
kml3d,0,0,0,0,0
knncat,1,0,2,197,5
knorm,0,0,0,0,0
kst,0,0,0,0,0
kza,0,0,0,0,0
kzft,0,0,0,0,0
kzs,0,0,0,0,0
labdsv,0,0,0,0,0
labeltodendro,0,0,0,0,0
labstatR,0,0,0,0,0
laeken,0,0,0,0,0
lago,0,0,0,0,0
LambertW,0,0,0,0,0
lancet.iraqmortality,0,0,0,0,0
lasso2,0,0,0,0,0
latdiag,0,0,0,0,0
latentnet,0,0,0,0,0
latticedl,0,0,0,0,0
latticist,0,0,0,0,0
lawstat,0,0,0,0,0
lcda,0,0,0,0,0
lcmm,0,0,0,0,0
lda.cv,0,0,0,0,0
ldbounds,0,0,0,0,0
ldDesign,0,0,0,0,0
LDdiag,0,0,0,0,0
LDheatmap,0,0,0,0,0
LDtests,0,0,0,0,0
LearnBayes,0,0,0,0,0
LearnEDA,0,0,0,0,0
leiv,0,0,0,0,0
lga,0,0,0,0,0
lgtdl,0,0,0,0,0
LiblineaR,0,0,0,0,0
limitplot,0,0,0,0,0
linprog,1,0,1,132,4
LIStest,0,0,0,0,0
ljr,0,0,0,0,0
LLAhclust,0,0,0,0,0
LLdecomp,0,0,0,0,0
lmec,0,0,0,0,0
lmeSplines,0,0,0,0,0
LMGene,0,0,0,0,0
lmom,1,0,1,417,193
lmomco,0,0,0,0,0
Lmoments,0,0,0,0,0
lmomRFA,0,0,0,0,0
lmPerm,0,0,0,0,0
localdepth,0,0,0,0,0
locpol,0,0,0,0,0
lodplot,0,0,0,0,0
LogConcDEAD,0,0,0,0,0
logcondens,0,0,0,0,0
LogicForest,0,0,0,0,0
LogicReg,0,0,0,0,0
logistf,0,0,0,0,0
LogitNet,0,0,0,0,0
loglognorm,0,0,0,0,0
logregperm,0,0,0,0,0
lokern,0,0,0,0,0
longitudinalData,0,0,0,0,0
longmemo,0,0,0,0,0
longRPart,0,0,0,0,0
LoopAnalyst,0,0,0,0,0
lordif,1,0,2,72,52
lossDev,0,0,0,0,0
lpc,1,0,2,76,87
lpridge,0,0,0,0,0
lpSolve,2,0,3,486,514
lpSolveAPI,0,0,0,0,0
lqa,0,0,0,0,0
LS2W,0,0,0,0,0
lspls,0,0,0,0,0
lss,0,0,0,0,0
ltsa,0,0,0,0,0
MAclinical,0,0,0,0,0
magnets,0,0,0,0,0
MAMA,0,0,0,0,0
MAMSE,0,0,0,0,0
mapLD,0,0,0,0,0
maptree,0,0,0,0,0
mar1s,0,0,0,0,0
marelac,0,0,0,0,0
marelacTeaching,0,0,0,0,0
marginalmodelplots,0,0,0,0,0
marginTree,0,0,0,0,0
MarkedPointProcess,0,0,0,0,0
MasterBayes,0,0,0,0,0
MatchIt,0,0,0,0,0
mathgraph,0,0,0,0,0
maticce,0,0,0,0,0
matrixcalc,1,0,1,122,1149
MatrixModels,0,0,0,0,0
matrixStats,1,0,1,40,516
MaXact,1,0,4,460,93
MBA,0,0,0,0,0
MBESS,0,0,0,0,0
mblm,0,0,0,0,0
mbmdr,0,0,0,0,0
MCAPS,0,0,0,0,0
mcclust,0,0,0,0,0
MCE,0,0,0,0,0
mcgibbsit,0,0,0,0,0
MChtest,0,0,0,0,0
mclogit,0,0,0,0,0
MCMCglmm,1,0,1,87,432
MCMChybridGP,0,0,0,0,0
mcmcplots,0,0,0,0,0
mco,0,0,0,0,0
Mcomp,0,0,0,0,0
MCPAN,0,0,0,0,0
MCPMod,0,0,0,0,0
mda,1,0,2,753,4400
mecdf,0,0,0,0,0
medAdherence,0,0,0,0,0
mefa,0,0,0,0,0
meifly,0,0,0,0,0
MEMSS,0,0,0,0,0
merror,0,0,0,0,0
MetabolAnalyze,0,0,0,0,0
Metabonomic,0,0,0,0,0
metacor,0,0,0,0,0
metaMA,0,0,0,0,0
MFDA,0,0,0,0,0
MFDF,0,0,0,0,0
mFilter,0,0,0,0,0
mfp,0,0,0,0,0
mhsmm,0,0,0,0,0
mhurdle,0,0,0,0,0
micEcon,0,0,0,0,0
micEconAids,0,0,0,0,0
micEconCES,0,0,0,0,0
micEconSNQP,0,0,0,0,0
migui,0,0,0,0,0
MImix,0,0,0,0,0
mimR,0,0,0,0,0
minet,0,0,0,0,0
miniGUI,0,0,0,0,0
minqa,2,0,1,864,86
minxent,0,0,0,0,0
mirf,0,0,0,0,0
miscTools,1,0,1,399,6
missMDA,0,0,0,0,0
mitools,0,0,0,0,0
mixAK,0,0,0,0,0
mixdist,0,0,0,0,0
mixer,0,0,0,0,0
mixfdr,0,0,0,0,0
mixlow,0,0,0,0,0
mixPHM,0,0,0,0,0
mixRasch,0,0,0,0,0
mixreg,0,0,0,0,0
MixSim,0,0,0,0,0
mixsmsn,0,0,0,0,0
mixstock,0,0,0,0,0
mixtools,1,0,0,57,1
MKLE,0,0,0,0,0
MKmisc,0,0,0,0,0
MLCM,0,0,0,0,0
MLDA,0,0,0,0,0
MLDS,0,0,0,0,0
MLEcens,0,0,0,0,0
mlegp,0,0,0,0,0
mlmmm,0,0,0,0,0
mlmRev,0,0,0,0,0
mlogitBMA,0,0,0,0,0
mmcm,0,0,0,0,0
MMG,0,0,0,0,0
MMIX,0,0,0,0,0
MNM,0,0,0,0,0
moc,0,0,0,0,0
MOCCA,0,0,0,0,0
modehunt,0,0,0,0,0
ModelGood,0,0,0,0,0
ModelMap,0,0,0,0,0
modeltools,0,0,0,0,0
modTempEff,0,0,0,0,0
moduleColor,0,0,0,0,0
mokken,1,0,1,21,1
mombf,0,0,0,0,0
mondate,0,0,0,0,0
monmlp,0,0,0,0,0
monomvn,0,0,0,0,0
monoProc,0,0,0,0,0
monreg,0,0,0,0,0
MortalitySmooth,0,0,0,0,0
MplusAutomation,0,0,0,0,0
mpm,0,0,0,0,0
mprobit,0,0,0,0,0
mpt,0,0,0,0,0
MPV,0,0,0,0,0
mra,0,0,0,0,0
mratios,0,0,0,0,0
mrdrc,0,0,0,0,0
mritc,0,0,0,0,0
mrt,0,0,0,0,0
msBreast,0,0,0,0,0
MSBVAR,0,0,0,0,0
msDilution,0,0,0,0,0
mseq,0,0,0,0,0
mspath,0,0,0,0,0
msProcess,1,0,1,89,47
msProstate,0,0,0,0,0
mstate,0,0,0,0,0
MSToolkit,0,0,0,0,0
mtsc,0,0,0,0,0
MTSKNN,0,0,0,0,0
mugnet,0,0,0,0,0
muhaz,0,0,0,0,0
MultEq,0,0,0,0,0
multic,0,0,0,0,0
Multiclasstesting,0,0,0,0,0
multinomRob,0,0,0,0,0
multipol,0,0,0,0,0
multisensi,0,0,0,0,0
multitaper,0,0,0,0,0
multmod,0,0,0,0,0
munfold,0,0,0,0,0
muS2RC,0,0,0,0,0
muscor,0,0,0,0,0
mutatr,0,0,0,0,0
mutoss,0,0,0,0,0
mutossGUI,0,0,0,0,0
muUtil,0,0,0,0,0
mvabund,0,0,0,0,0
mvgraph,0,0,0,0,0
mvna,0,0,0,0,0
mvngGrAd,0,0,0,0,0
mvnmle,0,0,0,0,0
mvnormtest,1,0,1,496,117
mvpart,1,0,1,34,1
MVpower,0,0,0,0,0
mvsf,0,0,0,0,0
mvShapiroTest,0,0,0,0,0
mvtBinaryEP,0,0,0,0,0
mvtnormpcs,0,0,0,0,0
nacopula,0,0,0,0,0
nanop,0,0,0,0,0
nbpMatching,0,0,0,0,0
NCBI2R,0,0,0,0,0
ncdf4,1,0,1,59,334
ncf,0,0,0,0,0
ncomplete,0,0,0,0,0
ncvreg,0,0,0,0,0
NeatMap,0,0,0,0,0
negenes,0,0,0,0,0
neldermead,0,0,0,0,0
NestedCohort,0,0,0,0,0
NetCluster,0,0,0,0,0
NetData,0,0,0,0,0
NetIndices,0,0,0,0,0
networksis,0,0,0,0,0
nFactors,1,0,1,66,755
nFDR,0,0,0,0,0
nga,0,0,0,0,0
NISTnls,0,0,0,0,0
nlADG,0,0,0,0,0
nleqslv,1,0,1,127,1143
nlmeODE,0,0,0,0,0
nlreg,0,0,0,0,0
nlrwr,0,0,0,0,0
nlstools,1,0,2,60,68
nltm,0,0,0,0,0
NMFN,0,0,0,0,0
NMMAPSlite,0,0,0,0,0
NMRS,0,0,0,0,0
nnc,0,0,0,0,0
nnclust,0,0,0,0,0
nnDiag,0,0,0,0,0
nodeHarvest,0,0,0,0,0
noia,0,0,0,0,0
nonbinROC,0,0,0,0,0
nonparaeff,0,0,0,0,0
nonrandom,0,0,0,0,0
nor1mix,0,0,0,0,0
normalp,0,0,0,0,0
NORMT3,0,0,0,0,0
normwhn.test,0,0,0,0,0
noverlap,0,0,0,0,0
nparcomp,0,0,0,0,0
nparLD,0,0,0,0,0
nplplot,0,0,0,0,0
npmc,0,0,0,0,0
npmlreg,0,0,0,0,0
nppbib,0,0,0,0,0
npRmpi,0,0,0,0,0
NRAIA,0,0,0,0,0
nsRFA,0,0,0,0,0
numDeriv,0,0,0,0,0
nws,0,0,0,0,0
OAIHarvester,0,0,0,0,0
Oarray,0,0,0,0,0
oblique.tree,0,0,0,0,0
obsSens,0,0,0,0,0
oce,1,0,1,48,586
odesolve,0,0,0,0,0
odfWeave.survey,0,0,0,0,0
ofp,0,0,0,0,0
OjaNP,0,0,0,0,0
OligoSpecificitySystem,0,0,0,0,0
omd,0,0,0,0,0
Oncotree,0,0,0,0,0
onemap,0,0,0,0,0
OPE,0,0,0,0,0
openintro,0,0,0,0,0
openNLPmodels.en,0,0,0,0,0
openNLPmodels.es,0,0,0,0,0
operator.tools,0,0,0,0,0
optBiomarker,0,0,0,0,0
optimbase,0,0,0,0,0
optimsimplex,0,0,0,0,0
optpart,0,0,0,0,0
orderbook,0,0,0,0,0
OrdFacReg,0,0,0,0,0
OrdMonReg,0,0,0,0,0
ORIClust,0,0,0,0,0
orientlib,0,0,0,0,0
orloca.es,0,0,0,0,0
orloca,0,0,0,0,0
ORMDR,0,0,0,0,0
oro.dicom,0,0,0,0,0
oro.nifti,0,0,0,0,0
orth,0,0,0,0,0
orthogonalsplinebasis,0,0,0,0,0
p3state.msm,0,0,0,0,0
packClassic,0,0,0,0,0
packdep,0,0,0,0,0
packS4,0,0,0,0,0
PairViz,0,0,0,0,0
pairwiseCI,0,0,0,0,0
paleoMAS,0,0,0,0,0
paleoTS,1,0,1,72,6
paltran,0,0,0,0,0
pamctdp,0,0,0,0,0
pamm,0,0,0,0,0
pamr,0,0,0,0,0
paran,0,0,0,0,0
pARccs,0,0,0,0,0
parcor,0,0,0,0,0
partDSA,0,0,0,0,0
partitionMetric,0,0,0,0,0
parviol,0,0,0,0,0
pastecs,0,0,0,0,0
PASWR,0,0,0,0,0
pathmox,0,0,0,0,0
pbatR,0,0,0,0,0
PBSadmb,0,0,0,0,0
PBSddesolve,0,0,0,0,0
pcalg,0,0,0,0,0
pcaPP,0,0,0,0,0
PCIT,0,0,0,0,0
pcurve,0,0,0,0,0
PearsonICA,0,0,0,0,0
pec,0,0,0,0,0
pedantics,0,0,0,0,0
pedigreemm,0,0,0,0,0
pegas,0,0,0,0,0
pendensity,0,0,0,0,0
peperr,0,0,0,0,0
permax,0,0,0,0,0
permtest,0,0,0,0,0
PermuteNGS,0,0,0,0,0
perturb,0,0,0,0,0
pga,0,0,0,0,0
pgam,0,0,0,0,0
pglm,0,0,0,0,0
pGLS,0,0,0,0,0
pgs,1,0,0,88,177
phangorn,1,0,0,101,52
phitest,0,0,0,0,0
phpSerialize,0,0,0,0,0
phull,0,0,0,0,0
PhViD,0,0,0,0,0
phybase,0,0,0,0,0
phylobase,0,0,0,0,0
phyloclim,0,0,0,0,0
PHYLOGR,0,0,0,0,0
picante,0,0,0,0,0
PKfit,0,0,0,0,0
PKgraph,0,0,0,0,0
PKmodelFinder,0,0,0,0,0
PKtools,0,0,0,0,0
plgp,0,0,0,0,0
PLIS,0,0,0,0,0
plotpc,0,0,0,0,0
plotSEMM,0,0,0,0,0
plRasch,0,0,0,0,0
plsdof,0,0,0,0,0
plsgenomics,0,0,0,0,0
plspm,0,0,0,0,0
plugdensity,0,0,0,0,0
PMA,0,0,0,0,0
pmg,0,0,0,0,0
pmlr,0,0,0,0,0
poilog,0,0,0,0,0
poistweedie,0,0,0,0,0
poLCA,0,0,0,0,0
polspline,0,0,0,0,0
polyapost,0,0,0,0,0
polycor,0,0,0,0,0
polydect,0,0,0,0,0
polynom,1,0,1,30,1
PolynomF,1,0,0,38,78
polysat,0,0,0,0,0
polySegratio,0,0,0,0,0
polySegratioMM,0,0,0,0,0
Pomic,0,0,0,0,0
pooh,0,0,0,0,0
popbio,1,0,2,105,31
popPK,0,0,0,0,0
portfolioSim,0,0,0,0,0
potts,0,0,0,0,0
powell,0,0,0,0,0
powerGWASinteraction,0,0,0,0,0
powerMediation,0,0,0,0,0
powerSurvEpi,0,0,0,0,0
PowerTOST,0,0,0,0,0
ppls,0,0,0,0,0
ppMeasures,0,0,0,0,0
pps,0,0,0,0,0
prabclus,0,0,0,0,0
predbayescor,0,0,0,0,0
PredictiveRegression,0,0,0,0,0
predmixcor,0,0,0,0,0
prefmod,0,0,0,0,0
PresenceAbsence,0,0,0,0,0
princurve,0,0,0,0,0
ProbForecastGOP,0,0,0,0,0
ProDenICA,0,0,0,0,0
prodlim,0,0,0,0,0
profdpm,0,0,0,0,0
ProfessR,0,0,0,0,0
profileModel,0,0,0,0,0
PropCIs,0,0,0,0,0
proptest,0,0,0,0,0
PSAgraphics,0,0,0,0,0
psgp,0,0,0,0,0
PSM,0,0,0,0,0
pspearman,0,0,0,0,0
psychotree,0,0,0,0,0
psyphy,0,0,0,0,0
PTAk,0,0,0,0,0
ptinpoly,0,0,0,0,0
PtProcess,0,0,0,0,0
pvclass,0,0,0,0,0
PwrGSD,0,0,0,0,0
pwt,0,0,0,0,0
qAnalyst,0,0,0,0,0
QCA,1,0,0,18,8
QCA3,0,0,0,0,0
QCAGUI,0,0,0,0,0
qcc,3,0,2,895,368
qlspack,0,0,0,0,0
qpcR,0,0,0,0,0
qrnn,0,0,0,0,0
qtlbim,0,0,0,0,0
qtlbook,0,0,0,0,0
QTLNetworkR,0,0,0,0,0
QuACN,0,0,0,0,0
qualityTools,0,0,0,0,0
qualV,0,0,0,0,0
quantchem,0,0,0,0,0
QuantPsyc,0,0,0,0,0
quantregForest,0,0,0,0,0
quaternions,0,0,0,0,0
qvcalc,0,0,0,0,0
R.filesets,0,0,0,0,0
R.huge,0,0,0,0,0
R2Cuba,0,0,0,0,0
r2dRue,0,0,0,0,0
R2jags,0,0,0,0,0
r2lh,0,0,0,0,0
R4dfp,0,0,0,0,0
r4ss,0,0,0,0,0
randaes,0,0,0,0,0
random.polychor.pa,0,0,0,0,0
RandomFields,1,0,0,101,43
randomLCA,0,0,0,0,0
randomSurvivalForest,0,0,0,0,0
randtoolbox,0,0,0,0,0
RandVar,0,0,0,0,0
rangeMapper,0,0,0,0,0
RankAggreg,0,0,0,0,0
rankhazard,0,0,0,0,0
RArcInfo,0,0,0,0,0
RaschSampler,0,0,0,0,0
Rassoc,0,0,0,0,0
rateratio.test,0,0,0,0,0
rAverage,0,0,0,0,0
RBerkeley,0,0,0,0,0
RBGL,1,0,1,347,51
rbounds,0,0,0,0,0
rbugs,0,0,0,0,0
Rcapture,0,0,0,0,0
rcdd,0,0,0,0,0
rcdk,0,0,0,0,0
rcdklibs,0,0,0,0,0
RcmdrPlugin.DoE,1,0,2,89,92
RcmdrPlugin.doex,0,0,0,0,0
RcmdrPlugin.epack,0,0,0,0,0
RcmdrPlugin.Export,0,0,0,0,0
RcmdrPlugin.FactoMineR,1,0,0,70,11
RcmdrPlugin.HH,0,0,0,0,0
RcmdrPlugin.IPSUR,0,0,0,0,0
RcmdrPlugin.MAc,0,0,0,0,0
RcmdrPlugin.MAd,0,0,0,0,0
RcmdrPlugin.orloca,0,0,0,0,0
RcmdrPlugin.PT,0,0,0,0,0
RcmdrPlugin.qcc,0,0,0,0,0
RcmdrPlugin.qual,0,0,0,0,0
RcmdrPlugin.SensoMineR,0,0,0,0,0
RcmdrPlugin.SLC,0,0,0,0,0
RcmdrPlugin.sos,0,0,0,0,0
RcmdrPlugin.steepness,0,0,0,0,0
RcmdrPlugin.survival,0,0,0,0,0
RcmdrPlugin.SurvivalT,0,0,0,0,0
RcmdrPlugin.TeachingDemos,0,0,0,0,0
RcmdrPlugin.TextMining,0,0,0,0,0
rconifers,0,0,0,0,0
Rcplex,0,0,0,0,0
Rcsdp,0,0,0,0,0
rdetools,0,0,0,0,0
RDieHarder,0,0,0,0,0
Rdsm,0,0,0,0,0
ReacTran,0,0,0,0,0
Read.isi,0,0,0,0,0
recommenderlab,0,0,0,0,0
REEMtree,0,0,0,0,0
refund,0,0,0,0,0
regsubseq,0,0,0,0,0
regtest,0,0,0,0,0
rela,0,0,0,0,0
relaimpo,0,0,0,0,0
RelativeRisk,0,0,0,0,0
relaxo,0,0,0,0,0
reldist,0,0,0,0,0
relimp,0,0,0,0,0
relsurv,0,0,0,0,0
remix,0,0,0,0,0
remMap,0,0,0,0,0
Renext,0,0,0,0,0
repolr,0,0,0,0,0
ResearchMethods,1,0,0,51,44
ResistorArray,0,0,0,0,0
RExcelInstaller,0,0,0,0,0
RFA,0,0,0,0,0
RFinanceYJ,0,0,0,0,0
RFLPtools,0,0,0,0,0
RFOC,0,0,0,0,0
RFreak,0,0,0,0,0
rgcvpack,0,0,0,0,0
rgenoud,0,0,0,0,0
Rglpk,0,0,0,0,0
RGraphics,0,0,0,0,0
rgrs,0,0,0,0,0
RGtk2DfEdit,0,0,0,0,0
RGtk2Extras,0,0,0,0,0
Rhh,0,0,0,0,0
RHmm,0,0,0,0,0
rhosp,0,0,0,0,0
RHRV,0,0,0,0,0
richards,0,0,0,0,0
Rigroup,0,0,0,0,0
RImageJ,0,0,0,0,0
rindex,0,0,0,0,0
ringscale,0,0,0,0,0
rioja,0,0,0,0,0
ripa,0,0,0,0,0
ris,0,0,0,0,0
RItools,0,0,0,0,0
RJaCGH,0,0,0,0,0
RKEA,0,0,0,0,0
Rlab,1,0,1,88,1
Rlabkey,0,0,0,0,0
RLadyBug,0,0,0,0,0
RLastFM,1,0,1,116,2510
rlecuyer,0,0,0,0,0
RLMM,0,0,0,0,0
RLRsim,0,0,0,0,0
RM2,1,0,3,53,84
RMC,0,0,0,0,0
rmeta,1,0,0,89,629
rmetasim,0,0,0,0,0
RMTstat,0,0,0,0,0
RNCBI,0,0,0,0,0
RNCBIAxis2Libs,0,0,0,0,0
RNCBIEUtilsLibs,0,0,0,0,0
rngWELL,0,0,0,0,0
rngwell19937,0,0,0,0,0
Rniftilib,0,0,0,0,0
RobAStBase,0,0,0,0,0
robCompositions,0,0,0,0,0
robfilter,0,0,0,0,0
RobLox,0,0,0,0,0
RobLoxBioC,0,0,0,0,0
RobRex,0,0,0,0,0
robustX,0,0,0,0,0
rocc,0,0,0,0,0
RODM,0,0,0,0,0
ROptEst,0,0,0,0,0
ROptEstOld,0,0,0,0,0
ROptRegTS,0,0,0,0,0
ROracleUI,0,0,0,0,0
rpartOrdinal,0,0,0,0,0
RPMG,0,0,0,0,0
RPMM,0,0,0,0,0
rPorta,0,0,0,0,0
RPPanalyzer,0,0,0,0,0
rpsychi,0,0,0,0,0
rpubchem,0,0,0,0,0
rpvm,0,0,0,0,0
RPyGeo,0,0,0,0,0
RQDA,3,0,4,195,547
rqmcmb2,0,0,0,0,0
rrcov,0,0,0,0,0
rredis,0,0,0,0,0
rrules,0,0,0,0,0
rrv,0,0,0,0,0
Rsac,0,0,0,0,0
RSAGA,0,0,0,0,0
rscproxy,1,0,1,43,157
RSearchYJ,0,0,0,0,0
rseedcalc,0,0,0,0,0
RSEIS,0,0,0,0,0
RSeqMeth,0,0,0,0,0
Rsge,0,0,0,0,0
RSiena,0,0,0,0,0
RSiteSearch,0,0,0,0,0
rsprng,0,0,0,0,0
RSQLite.extfuns,0,0,0,0,0
rstream,0,0,0,0,0
Rsundials,0,0,0,0,0
Rsymphony,0,0,0,0,0
RthroughExcelWorkbooksInstaller,0,0,0,0,0
RTisean,0,0,0,0,0
rTOFsPRO,0,0,0,0,0
RTOMO,0,0,0,0,0
Runiversal,0,0,0,0,0
Runuran,0,0,0,0,0
Rvelslant,0,0,0,0,0
rvgtest,0,0,0,0,0
Rwave,0,0,0,0,0
RWebMA,0,0,0,0,0
RWinEdt,0,0,0,0,0
rwm,0,0,0,0,0
rWMBAT,0,0,0,0,0
rwt,0,0,0,0,0
RxCEcolInf,0,0,0,0,0
RXshrink,0,0,0,0,0
s20x,0,0,0,0,0
SAFD,0,0,0,0,0
safeBinaryRegression,0,0,0,0,0
sampfling,0,0,0,0,0
SampleSizeMeans,0,0,0,0,0
SampleSizeProportions,0,0,0,0,0
samplingbook,0,0,0,0,0
sapa,0,0,0,0,0
SASmixed,0,0,0,0,0
SASPECT,0,0,0,0,0
SASxport,1,0,0,40,62
saws,0,0,0,0,0
sBF,0,0,0,0,0
sbgcop,0,0,0,0,0
sca,0,0,0,0,0
scagnostics,0,0,0,0,0
scaleboot,0,0,0,0,0
scape,0,0,0,0,0
scapeMCMC,0,0,0,0,0
scaRabee,0,0,0,0,0
schoolmath,0,0,0,0,0
schwartz97,0,0,0,0,0
SciViews,0,0,0,0,0
ScottKnott,0,0,0,0,0
scrime,0,0,0,0,0
scuba,0,0,0,0,0
sculpt3d,0,0,0,0,0
sda,0,0,0,0,0
SDaA,0,0,0,0,0
sdcMicro,0,0,0,0,0
sdcTable,0,0,0,0,0
SDDA,0,0,0,0,0
sddpack,0,0,0,0,0
sdef,0,0,0,0,0
SDisc,0,0,0,0,0
sdtalt,0,0,0,0,0
sdtoolkit,0,0,0,0,0
seacarb,1,0,1,104,18
seas,2,0,1,400,27
segclust,0,0,0,0,0
selectiongain,0,0,0,0,0
SemiPar,0,0,0,0,0
SEMModComp,0,0,0,0,0
semPLS,0,0,0,0,0
sensitivityPStrat,0,0,0,0,0
sensR,0,0,0,0,0
SenSrivastava,0,0,0,0,0
SeqKnn,0,0,0,0,0
seqmon,0,0,0,0,0
seqRFLP,0,0,0,0,0
SGCS,0,0,0,0,0
sgeostat,0,0,0,0,0
siar,0,0,0,0,0
sifds,0,0,0,0,0
sigclust,0,0,0,0,0
sigma2tools,0,0,0,0,0
SigWinR,0,0,0,0,0
SII,0,0,0,0,0
simba,0,0,0,0,0
simco,0,0,0,0,0
SimComp,0,0,0,0,0
simctest,0,0,0,0,0
simecol,0,0,0,0,0
simex,0,0,0,0,0
simexaft,0,0,0,0,0
simFrame,0,0,0,0,0
similarityRichards,0,0,0,0,0
simone,0,0,0,0,0
simpleboot,0,0,0,0,0
SimpleTable,0,0,0,0,0
simPopulation,0,0,0,0,0
SIS,0,0,0,0,0
sisus,0,0,0,0,0
SiZer,0,0,0,0,0
SkewHyperbolic,0,0,0,0,0
skewt,0,0,0,0,0
skmeans,0,0,0,0,0
SLC,0,0,0,0,0
SlimPLS,0,0,0,0,0
smacof,0,0,0,0,0
SMC,0,0,0,0,0
SMCP,0,0,0,0,0
smd.and.more,0,0,0,0,0
SMIR,0,0,0,0,0
smoothSurv,0,0,0,0,0
smoothtail,0,0,0,0,0
SMPracticals,0,0,0,0,0
SMVar,0,0,0,0,0
Snowball,0,0,0,0,0
snowFT,0,0,0,0,0
snp.plotter,0,0,0,0,0
SNPassoc,0,0,0,0,0
SNPMaP.cdm,0,0,0,0,0
SNPMaP,0,0,0,0,0
SNPmaxsel,0,0,0,0,0
snpXpert,0,0,0,0,0
SOAR,0,0,0,0,0
soil.spec,0,0,0,0,0
soiltexture,0,0,0,0,0
someKfwer,0,0,0,0,0
someMTP,0,0,0,0,0
spaa,0,0,0,0,0
SPACECAP,0,0,0,0,0
sparr,0,0,0,0,0
sparseLDA,0,0,0,0,0
spatcounts,0,0,0,0,0
spatgraphs,0,0,0,0,0
spatialCovariance,0,0,0,0,0
SpatialEpi,0,0,0,0,0
SpatialExtremes,0,0,0,0,0
spatialkernel,0,0,0,0,0
SpatialNP,0,0,0,0,0
spatialsegregation,0,0,0,0,0
spBayes,0,0,0,0,0
spcosa,0,0,0,0,0
SpectralGEM,0,0,0,0,0
spectralGP,0,0,0,0,0
speedglm,0,0,0,0,0
spef,0,0,0,0,0
speff2trial,0,0,0,0,0
spgrass6,0,0,0,0,0
spgwr,0,0,0,0,0
SpherWave,0,0,0,0,0
sphet,0,0,0,0,0
spikeslab,0,0,0,0,0
splinesurv,0,0,0,0,0
spls,0,0,0,0,0
spssDDI,0,0,0,0,0
spsurvey,0,0,0,0,0
SQLiteDF,0,0,0,0,0
SQLiteMap,0,0,0,0,0
SQN,0,0,0,0,0
SQUAREM,0,0,0,0,0
SRPM,0,0,0,0,0
ssanv,0,0,0,0,0
ssize.fdr,0,0,0,0,0
sspline,0,0,0,0,0
SSSR,0,0,0,0,0
stam,0,0,0,0,0
startupmsg,0,0,0,0,0
StatDA,0,0,0,0,0
StatDataML,0,0,0,0,0
StatFingerprints,0,0,0,0,0
StatMatch,0,0,0,0,0
statmod,1,0,1,400,6
steepness,0,0,0,0,0
stepPlr,0,0,0,0,0
stinepack,0,0,0,0,0
StMoSim,0,0,0,0,0
stochmod,0,0,0,0,0
stockPortfolio,0,0,0,0,0
stoichcalc,0,0,0,0,0
stratigraph,0,0,0,0,0
stream.net,0,0,0,0,0
StreamMetabolism,0,0,0,0,0
stringkernels,0,0,0,0,0
SubpathwayMiner,0,0,0,0,0
subplex,0,0,0,0,0
sudoku,0,0,0,0,0
superpc,0,0,0,0,0
surv2sample,0,0,0,0,0
survBayes,0,0,0,0,0
survcomp,0,0,0,0,0
surveyNG,0,0,0,0,0
survivalROC,0,0,0,0,0
survPresmooth,1,0,1,77,1
survrec,0,0,0,0,0
svcm,0,0,0,0,0
svcR,0,0,0,0,0
svDialogs,0,0,0,0,0
svGUI,0,0,0,0,0
svIDE,0,0,0,0,0
svMisc,0,0,0,0,0
svmpath,0,0,0,0,0
svSocket,1,0,0,18,1
svSweave,0,0,0,0,0
svWidgets,0,0,0,0,0
SweaveListingUtils,0,0,0,0,0
SwissAir,0,0,0,0,0
SWordInstaller,0,0,0,0,0
symmoments,0,0,0,0,0
synchronicity,0,0,0,0,0
SyNet,0,0,0,0,0
systemfit,0,0,0,0,0
TANOVA,0,0,0,0,0
taskPR,0,0,0,0,0
tawny,0,0,0,0,0
tclust,0,0,0,0,0
tdthap,0,0,0,0,0
TeachingSampling,0,0,0,0,0
tensorA,0,0,0,0,0
textcat,1,0,1,53,1028
tframe,0,0,0,0,0
tframePlus,0,0,0,0,0
tgp,0,0,0,0,0
tgram,0,0,0,0,0
TGUICore,0,0,0,0,0
TGUITeaching,0,0,0,0,0
ThreeGroups,0,0,0,0,0
tileHMM,0,0,0,0,0
timereg,1,0,0,45,11
timsac,0,0,0,0,0
TinnR,0,0,0,0,0
titan,0,0,0,0,0
tkrgl,0,0,0,0,0
tlemix,0,0,0,0,0
tlnise,0,0,0,0,0
tm.plugin.mail,0,0,0,0,0
tmvtnorm,0,0,0,0,0
topmodel,0,0,0,0,0
tossm,0,0,0,0,0
tourr,0,0,0,0,0
tourrGui,0,0,0,0,0
ToxLim,0,0,0,0,0
tpsDesign,0,0,0,0,0
trackObjs,0,0,0,0,0
tractor.base,0,0,0,0,0
tradeCosts,0,0,0,0,0
traitr,0,0,0,0,0
TRAMPR,0,0,0,0,0
treelet,0,0,0,0,0
TreePar,0,0,0,0,0
TreeRank,0,0,0,0,0
TreeSim,0,0,0,0,0
treethresh,0,0,0,0,0
trex,0,0,0,0,0
triads,1,0,1,47,55
TRIANG,0,0,0,0,0
TRIANGG,0,0,0,0,0
trimcluster,0,0,0,0,0
tripack,0,0,0,0,0
tripEstimation,0,0,0,0,0
TripleR,0,0,0,0,0
truncgof,0,0,0,0,0
truncnorm,0,0,0,0,0
truncreg,0,0,0,0,0
TSAgg,0,0,0,0,0
TSdbi,0,0,0,0,0
tsDyn,0,0,0,0,0
tseriesChaos,0,0,0,0,0
tsfa,0,0,0,0,0
TSfame,0,0,0,0,0
TShistQuote,0,0,0,0,0
TSHRC,0,0,0,0,0
tslars,0,0,0,0,0
tsModel,0,0,0,0,0
TSMySQL,0,0,0,0,0
tsne,0,0,0,0,0
TSodbc,0,0,0,0,0
TSpadi,0,0,0,0,0
TSPostgreSQL,0,0,0,0,0
TSSQLite,0,0,0,0,0
ttrTests,0,0,0,0,0
ttutils,0,0,0,0,0
tweedie,0,0,0,0,0
twiddler,0,0,0,0,0
TWIX,0,0,0,0,0
twopartqtl,0,0,0,0,0
TwoWaySurvival,0,0,0,0,0
twslm,0,0,0,0,0
umlr,0,0,0,0,0
ump,0,0,0,0,0
unbalhaar,0,0,0,0,0
uniCox,0,0,0,0,0
unmarked,0,0,0,0,0
untb,0,0,0,0,0
urn,1,0,2,79,33
UScensus2000,0,0,0,0,0
UScensus2000add,0,0,0,0,0
UScensus2000blkgrp,0,0,0,0,0
UScensus2000cdp,0,0,0,0,0
UScensus2000tract,0,0,0,0,0
USPS,0,0,0,0,0
vardiag,0,0,0,0,0
VarianceGamma,0,0,0,0,0
varSelRF,0,0,0,0,0
vbmp,0,0,0,0,0
vcdExtra,0,0,0,0,0
VecStatGraphs2D,0,0,0,0,0
VecStatGraphs3D,0,0,0,0,0
vegdata,0,0,0,0,0
vegetarian,0,0,0,0,0
VhayuR,0,0,0,0,0
VHDClassification,0,0,0,0,0
VizCompX,0,0,0,0,0
vmv,0,0,0,0,0
VPdtw,0,0,0,0,0
vrmlgen,0,0,0,0,0
wasim,0,0,0,0,0
waveband,0,0,0,0,0
WaveCD,0,0,0,0,0
waveclock,0,0,0,0,0
waved,0,0,0,0,0
waveslim,0,0,0,0,0
wavethresh,1,0,1,181,986
wccsom,0,0,0,0,0
webvis,0,0,0,0,0
wgaim,0,0,0,0,0
WhatIf,0,0,0,0,0
wikibooks,0,0,0,0,0
WINRPACK,0,0,0,0,0
wle,0,0,0,0,0
WMBrukerParser,0,0,0,0,0
WMCapacity,0,0,0,0,0
wnominate,0,0,0,0,0
wombsoft,0,0,0,0,0
write.snns,0,0,0,0,0
WriteXLS,2,0,2,237,526
wvioplot,0,0,0,0,0
WWGbook,0,0,0,0,0
xgobi,0,0,0,0,0
xterm256,0,0,0,0,0
yacca,0,0,0,0,0
yaImpute,0,0,0,0,0
yest,1,0,1,171,10
YieldCurve,0,0,0,0,0
YourCast,1,0,2,523,375
zic,0,0,0,0,0
ZIGP,0,0,0,0,0
zipfR,0,0,0,0,0
zoeppritz,0,0,0,0,0
adabag,2,1,1,139,197
AlgDesign,1,1,0,17,40
allan,2,1,2,754,1558
bayesm,2,1,3,842,532
ber,1,1,1,95,436
bestglm,2,1,2,360,819
betareg,1,1,1,222,115
bfast,1,1,2,41,67
BHH2,1,1,1,392,13
binom,1,1,0,285,43
bootRes,1,1,0,19,0
catR,1,1,1,119,210
CircStats,1,1,2,137,12866
clv,2,1,4,287,142
colbycol,2,1,2,214,790
compositions,2,1,2,1596,1058
DAAG,1,1,1,136,6
DescribeDisplay,2,1,1,199,333
dse,2,1,2,1802,12
dynamo,1,1,1,125,34
elec,1,1,1,116,107
EMD,1,1,1,651,4398
epicalc,2,1,1,209,2611
equivalence,3,1,2,594,3680
fitdistrplus,6,1,10,3070,959
fTrading,1,1,2,94,143
gamm4,3,1,3,2966,473
genalg,2,1,1,199,36
GeneF,1,1,1,63,743
ghyp,1,1,1,2307,7326
gof,2,1,1,136,21
HistData,1,1,0,228,940
ICEinfer,1,1,0,56,6
ineq,1,1,2,223,69
ISA,1,1,1,177,28
ismev,1,1,1,75,12
KFAS,2,1,1,937,314
kohonen,4,1,7,5633,2464
languageR,1,1,1,938,6
lemma,1,1,2,92,691
limSolve,3,1,4,771,422
lmtest,2,1,3,470,12
logspline,1,1,2,161,51
LowRankQP,1,1,3,428,632
marg,1,1,1,103,33
MARSS,1,1,0,102,607
meboot,1,1,1,181,607
mkin,1,1,0,380,43
mlbench,2,1,1,823,113
MMST,1,1,1,146,33
moonsun,1,1,0,126,9
msm,4,1,4,306,168
mvoutlier,2,1,2,360,73
orthopolynom,1,1,1,36,75
pcse,3,1,3,1039,1537
pomp,1,1,1,308,1413
prim,1,1,2,58,6
pspline,1,1,1,41,55
qtl,1,1,1,31,45
qvalue,1,1,1,253,199
RANN,2,1,3,289,26
RBloomberg,8,1,14,5489,8290
REQS,1,1,1,220,79
reweight,1,1,0,52,6
RH2,2,1,0,253,779
robustbase,2,1,2,149,435
rootSolve,1,1,1,237,8
Rpad,1,1,1,225,1266
rsm,3,1,1,452,2864
rtiff,1,1,1,42,11
runjags,1,1,3,357,3521
sampleSelection,1,1,0,129,79
SGP,1,1,1,109,1014
skellam,2,1,2,553,255
spc,1,1,1,98,961
spdep,2,1,2,259,1459
splancs,1,1,0,73,11
splus2R,1,1,2,528,20
spuRs,1,1,1,123,619
sspir,1,1,1,1633,6
strucchange,4,1,2,301,96
Synth,1,1,1,132,122
TeachingDemos,4,1,8,857,411
TIMP,1,1,3,282,25
tis,3,1,5,1340,1069
tnet,3,1,4,569,335
tpr,1,1,1,888,10
trio,4,1,5,431,793
TunePareto,1,1,1,88,24
tuneR,2,1,2,187,142
waterfall,1,1,1,130,366
WGCNA,2,1,0,215,7
zyp,2,1,4,1115,812
adehabitat,3,2,4,1005,2128
apTreeshape,1,2,3,3481,11
aster,1,2,2,79,187
BayesTree,1,2,1,68,74
BBMM,1,2,3,930,305
bethel,1,2,1,114,11
Bhat,2,2,2,421,2854
bio.infer,1,2,1,49,18
BLR,1,2,3,386,16
cgh,1,2,4,452,518
clusterCons,1,2,3,201,340
CreditMetrics,1,2,1,268,157
drc,1,2,2,343,45
elrm,1,2,2,301,11
FEST,1,2,1,331,539
FNN,2,2,2,553,29251
GAMens,1,2,2,126,1789
geonames,1,2,1,90,18547
GillespieSSA,2,2,2,158,401
gputools,3,2,4,1100,216
gridBase,1,2,1,69,556
grofit,2,2,4,1817,1933
HMM,7,2,6,3836,21569
hotspots,1,2,2,606,33
Icens,1,2,1,33,20
Imap,1,2,1,171,618
IQCC,1,2,1,102,16
ISOcodes,1,2,0,303,1769
KMsurv,1,2,0,186,819
lmodel2,1,2,2,773,509
ltm,3,2,3,322,136
maanova,1,2,2,1049,0
magma,1,2,2,69,450
mapproj,1,2,1,202,11
maxLik,2,2,2,881,2420
mc2d,1,2,3,192,56
minpack.lm,3,2,2,324,67
mixOmics,4,2,2,643,112
muRL,1,2,1,289,16
onion,4,2,10,541,700
oz,1,2,1,47,30
PearsonDS,2,2,1,285,57
phyclust,1,2,0,198,30
POT,1,2,1,250,170
R.methodsS3,2,2,2,341,4838
RandForestGUI,1,2,2,896,11
ReadImages,1,2,1,143,2333
rEMM,1,2,2,85,165
RSurvey,1,2,1,312,137
RSVGTipsDevice,1,2,1,345,1071
sac,1,2,2,178,437
samr,1,2,1,89,448
SDMTools,2,2,5,289,42
seewave,2,2,2,734,4756
sendplot,1,2,1,41,92
SensoMineR,1,2,1,350,0
sfsmisc,1,2,1,89,897
Sleuth2,1,2,1,161,176
smatr,1,2,2,775,509
SuppDists,1,2,2,861,16286
VLMC,2,2,1,156,116
vrtest,2,2,2,131,28
wq,1,2,4,2454,11
aplpack,2,3,1,342,359
backtest,6,3,5,1603,3043
bbmle,2,3,1,217,17
calibrate,4,3,4,2640,2143
catnet,1,3,2,85,413
chemometrics,1,3,3,137,1625
ctv,1,3,2,183,9086
descr,1,3,1,230,2848
dichromat,1,3,2,232,2778
dtw,3,3,3,219,32
estout,1,3,3,481,18
exactci,1,3,1,70,2404
fGarch,3,3,1,775,826
flexmix,2,3,1,2394,522
FrF2,3,3,3,221,7
FSelector,2,3,1,501,2826
gnm,1,3,2,418,1200
gumbel,2,3,4,1299,733
gWidgetstcltk,4,3,1,417,25322
HTMLUtils,1,3,1,230,2848
Kendall,7,3,10,2558,11091
KernSmooth,3,3,3,719,2782
klaR,4,3,4,399,591
lavaan,3,3,2,284,159
MADAM,1,3,1,103,45
mcsm,1,3,1,157,18
metafor,1,3,3,2527,62
MIfuns,1,3,1,230,2843
MiscPsycho,1,3,2,2471,7018
multtest,4,3,4,1344,80
munsell,1,3,2,224,2778
nls2,3,3,3,491,10858
NMF,2,3,1,882,63
openNLP,4,3,6,621,35337
pedigree,5,3,7,1771,13108
pgirmess,1,3,3,9952,2301
phmm,2,3,2,529,98
prettyR,2,3,2,273,2853
psychometric,3,3,6,506,2065
ptw,2,3,4,338,200
QRMlib,2,3,2,752,387
rake,1,3,1,91,163
ramps,2,3,2,702,8560
relax,3,3,5,228,5773
rgp,2,3,6,998,698
SAPP,1,3,3,139,324
sciplot,3,3,3,594,591
secr,1,3,3,1178,122
solaR,4,3,5,305,1492
subselect,2,3,3,276,169
termstrc,2,3,2,599,1299
tiger,3,3,11,1208,151
TSA,2,3,3,554,876
twang,1,3,1,857,310
urca,2,3,2,445,1092
VIF,2,3,2,747,719
vioplot,2,3,2,367,613
xlsReadWrite,2,3,3,990,32513
agricolae,2,4,1,1010,130
asd,5,4,7,1366,979
BMA,2,4,3,886,763
Brobdingnag,1,4,1,143,350
CCA,3,4,1,1803,230
coxme,1,4,1,483,21
CTT,1,4,4,232,438
DTK,1,4,1,678,130
emu,1,4,1,824,318
epitools,1,4,1,750,1142
equate,3,4,5,452,360
extRemes,3,4,4,1635,550
fUnitRoots,2,4,3,200,1126
gmm,4,4,3,1486,1553
gmp,2,4,2,314,23338
GRASS,4,4,3,557,1827
gRbase,2,4,2,237,753
grImport,1,4,3,317,33
hier.part,1,4,1,1330,23
lars,6,4,5,1994,6187
LIM,3,4,3,959,246
lmm,4,4,5,623,902
locfit,3,4,3,1103,381
maxstat,1,4,2,123,27
mclust,6,4,4,2115,2513
mediation,4,4,6,1748,1402
nortest,2,4,6,2252,22489
PBSmapping,3,4,5,1073,1807
pheno,2,4,2,1263,59
PK,8,4,5,1288,5436
proftools,2,4,4,938,339
pscl,4,4,6,1320,705
psy,1,4,1,305,16216
Rmpfr,4,4,5,318,7860
Rsolnp,2,4,2,504,179
rSymPy,2,4,4,174,1356
scout,2,4,3,251,174
scrapeR,1,4,1,1110,28
sparcl,4,4,6,466,718
tcltk2,3,4,2,3589,1996
tensor,4,4,3,228,1020
WilcoxCV,1,4,1,773,110
wmtsa,2,4,4,719,566
wordnet,7,4,8,1992,1768
xlsxjars,4,4,2,562,183
ars,3,5,6,1287,1242
caTools,4,5,2,1209,6555
depmix,1,5,3,421,1631
depmixS4,1,5,3,420,1631
distr,4,5,5,1699,1500
FactoMineR,5,5,3,1072,14710
fingerprint,1,5,1,196,350
fPortfolio,3,5,4,1400,541
fracdiff,2,5,2,331,2779
gamlss.dist,2,5,3,784,340
HMR,1,5,2,268,10323
httpRequest,1,5,4,1288,102
hyperSpec,2,5,3,208,3864
mnormt,3,5,3,1296,143
NADA,2,5,2,861,24391
optmatch,1,5,2,288,17585
ouch,1,5,1,358,1489
PCS,5,5,6,1320,1623
playwith,1,5,2,970,1245
pwr,5,5,8,5164,396
R2PPT,2,5,8,1552,2366
RecordLinkage,4,5,2,1121,5901
RProtoBuf,1,5,1,388,473
rrp,1,5,2,4850,1436
RSvgDevice,1,5,2,884,48
samplesize,3,5,7,1076,1056
sde,4,5,4,952,16555
SEL,9,5,10,2041,43892
seriation,1,5,1,1366,778
SIN,3,5,4,3826,498
svTools,1,5,0,197,448
TSP,2,5,8,2264,957
ttime,2,5,2,332,189
WDI,4,5,4,805,301
yaml,5,5,9,704,20913
abind,3,6,4,1087,1507
arules,13,6,9,2676,13187
BaM,4,6,10,2038,4035
BCE,1,6,3,54,31
biganalytics,3,6,6,619,1411
bitops,6,6,5,1143,9315
boa,2,6,5,446,575
cclust,1,6,3,318,2414
delt,3,6,8,775,570
DEoptim,6,6,7,1768,10261
Epi,3,6,6,753,738
fImport,2,6,2,1097,4337
fmsb,1,6,2,2413,2510
geepack,3,6,5,778,778
gWidgetsRGtk2,4,6,5,470,229
hts,2,6,3,431,326
lsa,6,6,8,3132,997
mboost,1,6,2,230,31
nnls,3,6,3,1145,642
nutshell,4,6,7,954,1363
plink,7,6,9,1220,441
qp,1,6,2,1511,412
rpanel,4,6,5,1915,15703
RpgSQL,3,6,6,3200,2090
rtv,1,6,2,230,50
rworldmap,6,6,8,1836,1861
slam,3,6,4,462,13616
statnet,4,6,5,1821,1282
tkrplot,2,6,3,1899,5357
ant,4,7,7,2385,4319
ash,3,7,4,348,680
cairoDevice,5,7,4,1115,4917
corpora,3,7,3,869,139
corrplot,5,7,6,1879,796
ez,4,7,3,422,845
gee,6,7,9,4328,6568
geoR,7,7,6,1086,5778
gregmisc,2,7,3,3540,2071
gWidgetsWWW,4,7,4,745,2581
knnflex,5,7,6,3218,6964
leaps,5,7,3,1448,1610
luca,4,7,7,2290,800
nlt,1,7,1,315,168
optimx,4,7,2,1250,2471
perm,3,7,6,970,4332
quadprog,6,7,8,2667,3695
rbenchmark,3,7,5,529,19331
RScaLAPACK,3,7,2,468,542
vowels,4,7,6,1375,1065
YaleToolkit,1,7,1,2034,2864
apsrtable,5,8,12,3658,727
cubature,2,8,2,543,8709
Deducer,8,8,6,1304,4927
deSolve,5,8,5,1229,422
dyn,4,8,6,1194,7461
expm,1,8,6,3297,9794
fame,4,8,9,701,4666
fda,8,8,5,925,17560
ftsa,2,8,2,140,142
gsl,6,8,9,1196,5037
iterators,6,8,8,1581,8971
ks,11,8,16,1943,4046
lcd,1,8,3,2230,2508
mapdata,3,8,4,1179,2620
primer,6,8,8,1219,711
R.matlab,6,8,8,4139,2747
relations,6,8,9,1022,8148
sprint,3,8,8,2777,9824
wavelets,3,8,6,4216,223
AICcmodavg,1,9,1,341,56
beanplot,3,9,4,438,960
cfa,3,9,3,813,32611
dice,4,9,7,1891,11113
geosphere,3,9,5,1277,13413
hwriter,2,9,1,628,12239
iplots,4,9,5,4912,1586
irr,7,9,8,867,1764
misc3d,2,9,3,526,550
mvtnorm,4,9,5,1810,2444
ncdf,7,9,11,1961,1090
PET,3,9,3,1372,348
RcppExamples,2,9,4,475,17631
Reliability,7,9,14,1753,5716
rggobi,7,9,8,2069,3922
UsingR,4,9,6,5414,1557
ade4,4,10,9,4071,4525
base64,4,10,6,1400,27065
colorspace,4,10,4,608,5703
copula,3,10,4,4555,16314
dr,11,10,18,5061,8320
getopt,5,10,10,2936,22337
gtools,5,10,6,2320,5949
kml,6,10,8,3114,834
MuMIn,2,10,2,379,159
optparse,6,10,11,1405,17168
partitions,8,10,11,859,18437
proj4,4,10,6,3794,81715
pvclust,5,10,5,1602,3483
rainbow,7,10,10,5459,16832
sparkTable,2,10,2,2310,3762
uncompress,3,10,6,1525,4840
ads,5,11,7,977,9633
bipartite,9,11,14,2882,6381
calib,7,11,9,1419,3256
classInt,5,11,3,1033,21554
coda,6,11,4,1180,11890
deldir,4,11,3,1150,8933
dynlm,5,11,8,2204,12848
gstat,7,11,6,1914,11771
JavaGD,6,11,4,2042,4828
latticeExtra,5,11,6,2346,279
mice,9,11,6,2435,2851
multcomp,7,11,6,5331,1147
quantreg,10,11,12,4427,8604
RNetCDF,5,11,6,1157,917
seqinr,2,11,8,1940,1111
SHIP,4,11,8,1463,5046
STAR,10,11,15,5748,15162
venneuler,6,11,4,1897,32680
verification,9,11,11,2939,3190
accuracy,30,12,32,6261,6398
ALS,6,12,6,6175,10752
countrycode,4,12,6,595,1986
dismo,4,12,5,766,1985
envelope,2,12,3,1219,576
RQuantLib,8,12,8,1575,9187
setRNG,1,12,1,185,29453
sos,2,12,2,503,4844
stratification,2,12,4,1478,455
time,30,12,34,3267,6013
audio,8,13,8,1089,9838
automap,4,13,3,1921,2420
bigtabulate,3,13,6,833,18316
gld,8,13,12,9248,4107
IBrokers,8,13,8,1890,3547
MNP,3,13,5,948,18310
papply,1,13,4,1205,11473
spe,3,13,11,617,5097
yhat,8,13,13,2184,1756
Zelig,18,13,18,11547,6775
Amelia,12,14,13,5682,1012
biglm,8,14,9,2675,6896
combinat,5,14,11,1838,576
entropy,12,14,11,2891,12895
glmulti,5,14,4,2967,6737
laser,2,14,6,3086,2023
MCMCpack,4,14,3,2420,10216
moments,11,14,14,2345,6292
pixmap,8,14,10,2898,2848
registry,9,14,5,3601,46239
rimage,5,14,8,2098,2621
rjags,5,14,6,1743,10135
tdm,9,14,8,3448,4059
vegan,17,14,22,3497,1260
mlogit,15,15,10,4359,1488
QT,9,15,13,1825,26313
rcom,6,15,9,1201,12767
RDS,6,15,11,1103,4664
ROracle,8,15,7,1520,18351
som,10,15,15,7992,4364
spatial,30,15,30,3491,10121
analogue,6,16,8,2394,1729
arm,13,16,15,4600,3270
futile,2,16,3,1272,16649
genetics,11,16,15,7112,24018
HH,16,16,23,4871,33645
ifs,3,16,8,4285,2403
mmap,4,16,4,1165,1931
neuralnet,13,16,15,7941,2604
profr,5,16,6,1228,30242
R2WinBUGS,11,16,11,3042,17839
SparseM,4,16,7,5370,3026
topicmodels,11,16,11,1480,1890
ape,11,17,13,6206,2417
bindata,2,17,5,1206,5849
canvas,8,17,12,11330,2783
ICE,5,17,14,1517,48969
sensitivity,14,17,19,4705,6682
tseries,10,17,14,4305,7313
AIM,30,18,39,3627,6550
clue,30,18,41,2377,3665
GGally,7,18,7,2032,9495
R2wd,7,18,14,2629,6096
RWeka,10,18,14,3314,7998
surveillance,2,18,3,1387,11591
doBy,9,19,24,5270,38563
fork,10,19,13,1715,13337
fpc,10,19,9,4053,10847
gbm,21,19,22,8467,16589
hacks,4,19,4,1253,9624
Rmpi,13,19,16,2979,40674
Ryacas,5,19,9,4350,8132
VGAM,5,19,10,2854,44893
gmodels,5,20,8,1333,47748
odfWeave,9,20,14,6378,25338
Peaks,25,20,33,9332,22670
segmented,8,20,13,4407,2810
SoDA,6,20,12,2073,4908
SV,4,20,9,4120,11817
compare,30,21,34,1483,13417
dtt,7,21,10,4457,19102
HI,30,21,47,14281,3448
ordinal,20,21,27,8091,12783
rJython,4,21,9,2195,26701
sna,12,21,16,3516,4529
Stem,16,21,23,13029,4862
date,30,22,36,4993,5316
Formula,30,22,32,1950,31633
lda,29,22,28,8463,9543
pgfSweave,10,22,12,7071,20582
random,30,22,36,5696,2871
regress,22,22,31,7622,9405
sandwich,10,22,11,4269,15598
FD,8,23,10,6488,30768
mvbutils,3,23,4,1057,11433
rms,14,23,18,6745,17491
geometry,14,24,16,3097,4889
gWidgets,30,24,31,2885,26871
Matrix,30,24,31,3265,6317
mgcv,19,24,25,5658,39114
ProjectTemplate,4,24,4,1323,18485
R.rsp,4,24,8,4500,13903
ROCR,21,24,28,14326,11409
rpart,30,24,28,8696,13837
Rserve,30,24,21,6183,18740
cacher,1,25,1,1434,9086
codetools,7,25,11,2295,30529
intervals,30,25,40,3516,6477
itertools,7,25,16,8142,39831
pear,12,25,26,3979,5671
pseudo,18,25,28,4848,11248
R2HTML,6,25,9,1926,2778
scatterplot3d,10,25,18,9131,6287
sm,10,25,10,3761,5637
trust,20,25,33,3930,67470
cacheSweave,6,26,7,1823,28575
class,30,26,38,2196,18817
doRedis,6,26,6,2713,12137
forecast,30,26,40,11719,9666
interactivity,5,26,12,3243,16584
R.utils,4,26,5,1083,12351
RgoogleMaps,10,26,12,6112,20340
spatstat,14,26,19,4336,25819
tree,30,26,28,1972,23381
dummies,14,27,20,5977,10485
norm,12,27,25,14245,36433
PBSmodelling,1,27,5,1657,9086
pls,22,27,28,12659,11445
gam,30,28,29,5698,6035
kernlab,26,28,25,10006,19688
oc,6,28,7,1749,5788
panel,30,28,35,2961,6230
PerformanceAnalytics,19,28,26,7706,23464
rda,10,28,13,5195,15713
vars,30,28,42,6459,11791
caret,30,29,23,6498,24669
DBI,19,29,27,10672,39129
interval,30,29,45,2439,6649
pack,19,29,26,6912,23005
pmml,7,29,7,3124,5435
randomForest,30,29,38,10781,19856
rattle,13,29,17,5503,23027
RC,13,29,20,8691,8319
coin,15,30,27,8445,12761
pROC,30,30,39,8453,8268
raster,30,30,43,2526,26039
JGR,14,31,22,7227,49971
maptools,19,31,25,7405,7582
portfolio,30,31,31,8032,5411
RJDBC,15,31,17,5897,12074
twitteR,30,31,34,9426,8547
xts,30,31,40,2586,17783
bs,21,32,27,3589,9588
formatR,5,32,12,2851,21247
ref,23,32,28,4822,20963
stepwise,21,32,22,16631,14245
tau,30,32,33,8623,38994
vcd,6,32,11,4650,24597
igraph,30,33,35,4403,28207
impute,30,33,45,11741,27251
stashR,4,33,4,2191,26674
zoo,30,33,41,5261,10419
e1071,28,34,31,15778,12844
ETC,30,34,44,9329,12644
pan,5,34,13,6761,3050
prob,30,34,36,4940,37054
R.cache,5,34,10,1922,10896
sendmailR,7,34,12,3981,35837
snowfall,17,34,23,3955,38250
debug,30,35,34,4002,41250
effects,30,35,31,4082,6132
sets,30,35,30,5209,5535
timeSeries,30,35,43,4011,19157
jit,5,36,10,2113,11864
nnet,25,36,23,11286,11958
plus,30,36,40,16467,22007
sqldf,30,36,44,6147,15424
tikzDevice,11,36,13,4596,14763
RInside,30,37,44,8165,33802
RPostgreSQL,23,37,27,8709,35067
TraMineR,14,37,18,1834,5156
depth,30,38,47,5305,8968
glmnet,28,38,24,18084,30703
log10,17,38,17,7145,22021
doSNOW,19,39,26,7724,14761
fortunes,3,39,3,1311,10713
forward,30,39,39,8195,20624
quantmod,30,39,42,2582,14819
shape,30,39,33,9778,18713
sugaR,11,39,14,3808,31649
experiment,30,40,44,8096,23985
RcppArmadillo,16,40,23,3300,14131
RMySQL,30,40,43,19890,40147
RUnit,8,40,13,3319,12926
survival,30,40,30,3849,25621
bootstrap,30,41,32,3773,10500
clues,20,41,32,4413,7699
trip,14,41,29,9038,76704
bit,30,42,32,5537,42472
car,30,42,50,3458,36792
lattice,30,42,38,5516,26505
MASS,30,42,40,6391,35226
RGtk2,17,42,19,5699,71888
sn,22,42,36,9304,16741
symbols,30,42,36,4350,20129
plm,30,43,34,10805,16237
pyramid,6,43,11,4204,14535
RColorBrewer,10,43,16,9087,28834
gdata,19,44,34,5985,123579
nlme,30,44,27,10576,16730
ada,5,45,12,4442,1180
Animal,30,45,60,6063,4325
Cairo,30,45,33,10460,26324
MAd,16,45,37,13596,19070
psych,15,45,20,9927,63744
shapefiles,26,45,31,9064,20689
stringr,30,45,70,5205,89310
diagram,30,46,33,5169,26877
filehash,6,46,4,2884,25899
Rcmdr,8,46,23,24634,9155
season,30,46,44,8411,8400
x12,23,46,34,15078,31500
R.oo,10,47,15,3259,53296
ca,30,48,50,10388,23657
contrast,23,48,27,10468,25239
diamonds,19,48,32,20574,49638
gmt,30,48,36,10626,17218
graph,30,48,41,3992,56303
hot,12,48,26,3153,12588
rJava,30,48,30,21429,13288
sem,16,48,29,6702,47126
TTR,30,48,40,5189,14668
animation,16,49,21,4717,57636
distributions,30,49,33,9408,49281
foreign,30,49,45,20682,44421
gplots,21,49,30,13071,30376
list,30,49,42,3033,13053
histogram,30,50,46,16762,32734
mix,30,50,35,9118,68977
proxy,30,50,29,18707,52129
timeDate,14,50,21,4561,6638
assist,15,51,28,9434,63197
cond,22,51,49,14263,18581
lubridate,30,51,47,10115,24481
space,30,51,23,1997,32009
xlsx,30,51,35,18803,36125
cluster,30,52,31,3803,20822
plyr,30,52,51,5274,29452
RSQLite,23,52,30,9157,42667
tolerance,27,52,38,7597,33481
triangle,22,52,40,9350,74881
np,27,53,34,10136,40945
outliers,30,53,45,27165,16846
RODBC,30,53,45,16931,50724
hexbin,12,54,23,11631,7736
Matching,30,54,44,2070,72237
aws,19,55,26,5896,54866
energy,26,55,33,16814,16604
far,30,55,47,5736,30323
feature,30,55,36,8739,21260
mAr,30,55,38,4151,27119
png,30,55,29,20254,14813
SHARE,30,55,47,4700,32844
signal,30,55,46,9689,18055
sp,30,55,35,7386,16196
cat,30,56,47,5006,15231
ggplot2,30,56,39,10978,41353
hdf5,12,56,23,10406,22710
highlight,30,56,42,7826,77033
RCurl,30,56,35,7531,51754
doMC,26,57,33,8283,29884
longitudinal,17,57,39,4548,6912
st,30,57,42,9189,60463
grouped,30,58,44,3520,30311
identity,26,58,47,8129,97758
XML,30,58,40,10268,42397
care,30,59,37,2974,90040
mapReduce,15,59,26,8418,7875
SPOT,30,59,33,5701,43417
MAc,30,60,32,5553,18002
race,25,60,36,6958,55229
tm,30,60,43,11241,61415
ff,30,61,47,5003,55516
grade,28,61,49,7489,77816
Ratings,27,61,54,40248,32359
party,30,62,58,25403,89165
snow,30,62,29,10537,20676
fields,30,63,40,12563,35506
AdMit,30,64,43,9510,33659
foreach,30,64,51,9284,23439
meta,27,64,43,8633,93786
ascii,30,65,38,8722,85539
bibtex,9,65,15,3575,28897
boot,30,65,33,14386,59500
realized,30,65,53,6302,68652
svUnit,4,65,7,3754,6824
boolean,30,66,53,22156,57141
Iso,30,66,41,17112,22693
sound,30,66,57,13241,34226
Design,30,67,31,5407,46256
EVER,30,67,48,10667,34042
mcmc,27,67,38,10125,34503
Rcpp,30,67,48,8921,31209
rjson,26,67,34,17008,47951
BB,30,68,55,4602,102667
earth,22,68,31,9140,38948
matlab,30,68,47,9421,9134
rgdal,20,69,26,19019,42067
sampling,30,69,51,6578,38031
plotrix,29,70,36,20058,50394
expert,30,71,45,11267,7986
plan,30,71,52,5327,55412
VIM,20,72,33,7056,14101
data.table,30,73,48,5950,53497
chron,30,74,48,17289,59343
reporttools,2,74,9,13201,32945
evaluate,30,75,46,7514,314577
gap,30,76,38,6592,22573
parser,29,77,37,11084,81085
ellipse,20,78,29,13755,14416
reshape,30,78,51,4992,26978
gridExtra,23,79,30,17024,60299
multilevel,11,79,18,15704,38943
Unicode,30,80,37,9583,271552
rgl,30,81,51,10926,16445
R,30,83,23,4519,32051
testthat,20,84,28,6549,69870
lhs,21,85,31,10517,36358
brew,30,87,44,13477,71641
magic,30,87,43,12918,48224
circular,15,88,26,5790,205891
financial,30,89,64,19110,22658
bear,30,90,45,11875,5471
mi,16,91,27,9188,35454
desire,29,98,60,17112,61378
rbind,30,98,62,8842,41116
heavy,27,99,38,9065,109717
inline,30,99,38,4686,164357
network,30,99,35,15616,57972
digest,22,102,24,11025,64149
lazy,30,103,48,6779,136699
proto,23,106,34,14563,96359
logging,20,107,35,11562,64638
memisc,12,110,25,19217,39378
lme4,30,112,36,25608,41103
Defaults,30,113,48,11121,115068
shapes,30,115,48,21221,73994
batch,30,116,50,20639,55949
multicore,30,119,48,10321,43737
aspect,30,122,52,13099,47715
session,30,126,32,13874,67779
FAiR,30,131,48,7102,63936
maps,30,133,54,43961,51180
alabama,11,140,15,53892,36217
bigmemory,30,147,51,14129,18135
operators,30,150,64,20071,97920
benchmark,30,156,62,19843,131039
fast,30,156,65,22286,59643
hints,30,172,56,25555,78326
robust,30,179,69,15394,93344
its,30,180,38,7458,55690
survey,30,182,62,28495,66594
Hmisc,30,185,57,25961,89132
xtable,30,195,59,27661,102235
hash,30,200,55,43835,63136
spam,15,252,37,21693,115985
stab,5,265,15,22896,28979
nice,30,303,48,24557,57524
base,30,306,39,26849,64934
deal,30,321,58,35901,38684
roxygen,30,498,38,17394,296269
